{
  "nll": 0.29303333163261414,
  "ECE_ew": 0.016574818640947342,
  "ECE_em": 0.0158673282712698,
  "CWECE_a": 0.0008883745176717639,
  "ACE": 0.08660780769884756,
  "CWECE_s": 0.17198722064495087,
  "KDE_ECE": 0.016831947958046295,
  "KSerror": 0.009492741984810996,
  "ECE_s_r2": 0.020126403995867865,
  "ECE_s_r1": 0.014798943261008946,
  "MMCE": 0.007379864695908368,
  "DKDE_CE": 0.01042646152352545,
  "dECE": 0.013271645332376163,
  "CWECE_r2": 0.01432148455392228,
  "ECE_r2": 0.03218417550760545,
  "tCWECE_k": 0.049197171476814135,
  "tCWECE": 0.064458520146684,
  "SKCE": 8.460010741276487e-06
}