{
  "nll": 0.19142664968967438,
  "ECE_ew": 0.007957741618156433,
  "ECE_em": 0.006926745176315308,
  "CWECE_a": 0.004924002569168806,
  "ACE": 0.03502737002086192,
  "CWECE_s": 0.047799479216337204,
  "KDE_ECE": 0.011651005103841826,
  "KSerror": 0.002947632199525832,
  "ECE_s_r2": 0.003132675754761698,
  "ECE_s_r1": 0.0021021651268005315,
  "MMCE": 0.0029942871631215293,
  "DKDE_CE": 0.0011111071643767332,
  "dECE": 0.006108126505464316,
  "CWECE_r2": 0.022236807585730208,
  "ECE_r2": 0.01607981124375869,
  "tCWECE_k": 0.028840651139354762,
  "tCWECE": 0.03249316487745536,
  "SKCE": 0.00011141441383744362
}