{
  "nll": 0.20926128327846527,
  "ECE_ew": 0.011320910416543484,
  "ECE_em": 0.009401136077940464,
  "CWECE_a": 0.004343005362898111,
  "ACE": 0.07046044990252479,
  "CWECE_s": 0.04343659058213234,
  "KDE_ECE": 0.012434244508112454,
  "KSerror": 0.009168238162994391,
  "ECE_s_r2": 0.015804170788020266,
  "ECE_s_r1": 0.009068464362621306,
  "MMCE": 0.008056672433649329,
  "DKDE_CE": 0.001429220588306155,
  "dECE": 0.007784692220389848,
  "CWECE_r2": 0.01764091664632369,
  "ECE_r2": 0.02495024192003602,
  "tCWECE_k": 0.024139519158769242,
  "tCWECE": 0.028931602913572524,
  "SKCE": 2.7020604492770675e-05
}