{
  "nll": 0.75692218542099,
  "ECE_ew": 0.029408205300569534,
  "ECE_em": 0.029606057330965996,
  "CWECE_a": 0.0002775680914055556,
  "ACE": 0.045112608873391566,
  "CWECE_s": 0.26972880959510803,
  "KDE_ECE": 0.02863886449488642,
  "KSerror": 0.029341745872497604,
  "ECE_s_r2": 0.041154675333346276,
  "ECE_s_r1": 0.02976074920654297,
  "MMCE": 0.023731325289582966,
  "DKDE_CE": 0.02407093253166542,
  "dECE": 0.029133530915975585,
  "CWECE_r2": 0.008087441952074675,
  "ECE_r2": 0.04265565018045522,
  "tCWECE_k": 0.024456720824202492,
  "tCWECE": 0.036968613087194256,
  "SKCE": 6.5447960862265195e-06
}