{
  "nll": 0.9420669674873352,
  "ECE_ew": 0.02077489346265793,
  "ECE_em": 0.02029569074511528,
  "CWECE_a": 0.0003146475355606526,
  "ACE": 0.023050344286441007,
  "CWECE_s": 0.3086865544319153,
  "KDE_ECE": 0.016725398432774357,
  "KSerror": 0.007916357917785666,
  "ECE_s_r2": 0.023806573343322965,
  "ECE_s_r1": 0.021313860942721367,
  "MMCE": 0.012114675501225776,
  "DKDE_CE": 0.026263314872901032,
  "dECE": 0.01976929311275482,
  "CWECE_r2": 0.008464404695161345,
  "ECE_r2": 0.023260922857308963,
  "tCWECE_k": 0.014363466912553434,
  "tCWECE": 0.021085925272031476,
  "SKCE": 8.01492780792566e-06
}