{
  "nll": 0.5658416748046875,
  "ECE_ew": 0.031947918236255646,
  "ECE_em": 0.031094375997781754,
  "CWECE_a": 0.0013371249660849571,
  "ACE": 0.11045956878123295,
  "CWECE_s": 0.26399075984954834,
  "KDE_ECE": 0.025408232174974912,
  "KSerror": 0.015312818930576622,
  "ECE_s_r2": 0.0397573113136886,
  "ECE_s_r1": 0.031174250500013722,
  "MMCE": 0.016363122517981964,
  "DKDE_CE": 0.01845426633303394,
  "dECE": 0.02853091046584448,
  "CWECE_r2": 0.017022667055620933,
  "ECE_r2": 0.05133129585998525,
  "tCWECE_k": 0.044101204665352486,
  "tCWECE": 0.058525638923415856,
  "SKCE": 3.09777184475211e-05
}