{
  "nll": 0.31795769929885864,
  "ECE_ew": 0.01464618556201458,
  "ECE_em": 0.013023351319134235,
  "CWECE_a": 0.0009578767349012196,
  "ACE": 0.05877192724155135,
  "CWECE_s": 0.18634355068206787,
  "KDE_ECE": 0.014395459133936602,
  "KSerror": 0.006308596192011198,
  "ECE_s_r2": 0.012903808804368807,
  "ECE_s_r1": 0.010544377001956928,
  "MMCE": 0.005170241748379154,
  "DKDE_CE": 0.011148672699212091,
  "dECE": 0.010321046225726604,
  "CWECE_r2": 0.015230364481690937,
  "ECE_r2": 0.02886940599713928,
  "tCWECE_k": 0.04704603507631177,
  "tCWECE": 0.06405981542070649,
  "SKCE": 1.0479082446014367e-05
}