{
  "nll": 1.0570915937423706,
  "ECE_ew": 0.00932717602699995,
  "ECE_em": 0.007451214361935854,
  "CWECE_a": 0.0019680215045809746,
  "ACE": 0.011989578107784723,
  "CWECE_s": 0.18662729859352112,
  "KDE_ECE": 0.010315976052010319,
  "KSerror": 0.0034436872601509155,
  "ECE_s_r2": 0.00948327075757836,
  "ECE_s_r1": 0.00738549208939076,
  "MMCE": 0.0018396621957927238,
  "DKDE_CE": 0.025054663374252432,
  "dECE": 0.0022632895067334156,
  "CWECE_r2": 0.01623674215470785,
  "ECE_r2": 0.012371790198435867,
  "tCWECE_k": 0.026740929342216377,
  "tCWECE": 0.034609559343267655,
  "SKCE": 3.7341104407020214e-05
}