{
  "nll": 0.9092609882354736,
  "ECE_ew": 0.019423890858888626,
  "ECE_em": 0.018772605806589127,
  "CWECE_a": 0.00030937360133975744,
  "ACE": 0.02231600253104467,
  "CWECE_s": 0.3037554919719696,
  "KDE_ECE": 0.015116699075038303,
  "KSerror": 0.007451357517242463,
  "ECE_s_r2": 0.022377376381720243,
  "ECE_s_r1": 0.018838952598571778,
  "MMCE": 0.011050045248776133,
  "DKDE_CE": 0.02530852482596806,
  "dECE": 0.017859307326674463,
  "CWECE_r2": 0.008437200690340388,
  "ECE_r2": 0.022770014031112822,
  "tCWECE_k": 0.01482547273797009,
  "tCWECE": 0.02170965478210134,
  "SKCE": 8.329999720647416e-06
}