{
  "nll": 0.5856213569641113,
  "ECE_ew": 0.030043819919228554,
  "ECE_em": 0.028652291744947433,
  "CWECE_a": 0.0014553242363035679,
  "ACE": 0.057715023546871067,
  "CWECE_s": 0.2770606577396393,
  "KDE_ECE": 0.027648894040883776,
  "KSerror": 0.020465018010851155,
  "ECE_s_r2": 0.03798088321028542,
  "ECE_s_r1": 0.029679497490771357,
  "MMCE": 0.01418712143269151,
  "DKDE_CE": 0.01674504830797591,
  "dECE": 0.02631510856250923,
  "CWECE_r2": 0.01847586273669866,
  "ECE_r2": 0.04878844993349259,
  "tCWECE_k": 0.04196767735334216,
  "tCWECE": 0.0572956570347798,
  "SKCE": 3.0806779185146556e-05
}