{
  "nll": 0.747198760509491,
  "ECE_ew": 0.04102180898189545,
  "ECE_em": 0.04527898132801056,
  "CWECE_a": 0.0002529275952838361,
  "ACE": 0.07813611953743602,
  "CWECE_s": 0.2481013834476471,
  "KDE_ECE": 0.04193293964968881,
  "KSerror": 0.04301965973854066,
  "ECE_s_r2": 0.0688341405870216,
  "ECE_s_r1": 0.04517893055677413,
  "MMCE": 0.034129761206313766,
  "DKDE_CE": 0.028017788509976372,
  "dECE": 0.044621414743661894,
  "CWECE_r2": 0.007587738584247333,
  "ECE_r2": 0.06886245173702177,
  "tCWECE_k": 0.033129275018156906,
  "tCWECE": 0.04833829504693945,
  "SKCE": 5.992015084955069e-06
}