{
  "nll": 1.0916920900344849,
  "ECE_ew": 0.023797230795025826,
  "ECE_em": 0.021088391542434692,
  "CWECE_a": 0.002086062915623188,
  "ACE": 0.02924036143247242,
  "CWECE_s": 0.2009451985359192,
  "KDE_ECE": 0.017114441220177374,
  "KSerror": 0.014896217250824018,
  "ECE_s_r2": 0.02208832211122978,
  "ECE_s_r1": 0.018710408332943906,
  "MMCE": 0.01335846963306426,
  "DKDE_CE": 0.021432159628818396,
  "dECE": 0.018845248755812644,
  "CWECE_r2": 0.016630016074349836,
  "ECE_r2": 0.026839341421899206,
  "tCWECE_k": 0.027937954708447243,
  "tCWECE": 0.03500717912470964,
  "SKCE": 1.9140570075835563e-05
}