{
  "nll": 0.22452202439308167,
  "ECE_ew": 0.0094920564442873,
  "ECE_em": 0.009358830749988556,
  "CWECE_a": 0.004042689688503742,
  "ACE": 0.03092998086380883,
  "CWECE_s": 0.03993981331586838,
  "KDE_ECE": 0.01141323575607776,
  "KSerror": 0.009038799285888688,
  "ECE_s_r2": 0.014277671737332477,
  "ECE_s_r1": 0.009022687244415262,
  "MMCE": 0.007289176881471254,
  "DKDE_CE": 0.0012895144922448496,
  "dECE": 0.00878808797299862,
  "CWECE_r2": 0.01690911474894284,
  "ECE_r2": 0.015856039615226913,
  "tCWECE_k": 0.01940796862821969,
  "tCWECE": 0.0246601758092642,
  "SKCE": 3.070708162028551e-05
}