{
  "nll": 0.9447607398033142,
  "ECE_ew": 0.014810873195528984,
  "ECE_em": 0.014524993486702442,
  "CWECE_a": 0.0018774144118651748,
  "ACE": 0.01821958153235024,
  "CWECE_s": 0.1858220249414444,
  "KDE_ECE": 0.011121243953126638,
  "KSerror": 0.011626909065246549,
  "ECE_s_r2": 0.016213407300445553,
  "ECE_s_r1": 0.01335730852782726,
  "MMCE": 0.009214830734677116,
  "DKDE_CE": 0.017168941357892938,
  "dECE": 0.012092267322540283,
  "CWECE_r2": 0.016210650626233933,
  "ECE_r2": 0.016185677730716313,
  "tCWECE_k": 0.029244295096225233,
  "tCWECE": 0.0374561712221091,
  "SKCE": 4.649106409655959e-05
}