{
  "nll": 0.0786086767911911,
  "ECE_ew": 0.006070956587791443,
  "ECE_em": 0.005783210042864084,
  "CWECE_a": 0.0017877401551231742,
  "ACE": 0.05527839600290473,
  "CWECE_s": 0.018493875861167908,
  "KDE_ECE": 0.009547386315150024,
  "KSerror": 0.005527223446065821,
  "ECE_s_r2": 0.009234272998552692,
  "ECE_s_r1": 0.005718281104492133,
  "MMCE": 0.004813168204305866,
  "DKDE_CE": 0.0011491411005875706,
  "dECE": 0.005518627110593933,
  "CWECE_r2": 0.010652394776207533,
  "ECE_r2": 0.011283189709659103,
  "tCWECE_k": 0.009109879487345474,
  "tCWECE": 0.011764346279377913,
  "SKCE": 5.012971950425376e-06
}