{
  "nll": 0.3820893168449402,
  "ECE_ew": 0.04505439102649689,
  "ECE_em": 0.044728804379701614,
  "CWECE_a": 0.009664308279752731,
  "ACE": 0.2131269742363329,
  "CWECE_s": 0.09529927372932434,
  "dECE": 0.04468678901791573,
  "KDE_ECE": 0.040600306136653004,
  "CWECE_r2": 0.029543768355994295,
  "ECE_r2": 0.06603668884661834,
  "KSerror": 0.04475774459838866,
  "ECE_s_r2": 0.08502143493050526,
  "ECE_s_r1": 0.04475659198760984,
  "MMCE": 0.0405777648472658,
  "tCWECE_k": 0.04763898574001341,
  "tCWECE": 0.051640660116120084,
  "SKCE": 0.00026547563730396697,
  "DKDE_CE": 0.002108996053933668
}