{
  "nll": 0.6126236319541931,
  "ECE_ew": 0.042061470448970795,
  "ECE_em": 0.036175575107336044,
  "CWECE_a": 0.0013825695496052504,
  "ACE": 0.0643555184589596,
  "CWECE_s": 0.26299768686294556,
  "dECE": 0.034054265171289455,
  "KDE_ECE": 0.030678268933559523,
  "CWECE_r2": 0.01832798142741613,
  "ECE_r2": 0.04639348586203702,
  "KSerror": 0.03620456611339129,
  "ECE_s_r2": 0.043028240815617014,
  "ECE_s_r1": 0.03620032886812343,
  "MMCE": 0.03133292763272358,
  "tCWECE_k": 0.05833572270879008,
  "tCWECE": 0.07830832744079123,
  "SKCE": 3.7446616026273145e-05,
  "DKDE_CE": 0.017379785801385723
}