{
  "nll": 0.8236739039421082,
  "ECE_ew": 0.07301973551511765,
  "ECE_em": 0.07295627892017365,
  "CWECE_a": 0.00035592957283370197,
  "ACE": 0.07014480067985736,
  "CWECE_s": 0.3480699062347412,
  "dECE": 0.07295582162499428,
  "KDE_ECE": 0.07307379183973364,
  "CWECE_r2": 0.008350879172460015,
  "ECE_r2": 0.07542713145094593,
  "KSerror": 0.07295517290115361,
  "ECE_s_r2": 0.07569325714753293,
  "ECE_s_r1": 0.07295530403137208,
  "MMCE": 0.05852133628002696,
  "tCWECE_k": 0.017732604894503238,
  "tCWECE": 0.024570377628589896,
  "SKCE": 8.249648891376778e-06,
  "DKDE_CE": 0.06039137166351974
}