{
  "nll": 1.1796915531158447,
  "ECE_ew": 0.03703460097312927,
  "ECE_em": 0.036405038088560104,
  "CWECE_a": 0.00034636229975149035,
  "ACE": 0.02520445363936138,
  "CWECE_s": 0.3381763994693756,
  "dECE": 0.0355328352701664,
  "KDE_ECE": 0.036815510484359375,
  "CWECE_r2": 0.008320733907135655,
  "ECE_r2": 0.04296646045375378,
  "KSerror": 0.034381961803436334,
  "ECE_s_r2": 0.042765902077395314,
  "ECE_s_r1": 0.036672726094722746,
  "MMCE": 0.03133009894654021,
  "tCWECE_k": 0.018925169958899302,
  "tCWECE": 0.028314087709921654,
  "SKCE": 6.9667314788543045e-06,
  "DKDE_CE": 0.019062845884935224
}