{
  "nll": 0.8244200348854065,
  "ECE_ew": 0.046816397458314896,
  "ECE_em": 0.04514838755130768,
  "CWECE_a": 0.0016591507010161877,
  "ACE": 0.05598056035444474,
  "CWECE_s": 0.32158616185188293,
  "dECE": 0.04398864582180978,
  "KDE_ECE": 0.04657280541206928,
  "CWECE_r2": 0.018316871561441773,
  "ECE_r2": 0.049192420121225836,
  "KSerror": 0.045125020795793724,
  "ECE_s_r2": 0.046352361008827565,
  "ECE_s_r1": 0.04512464329971008,
  "MMCE": 0.03741744320264528,
  "tCWECE_k": 0.0415188297954531,
  "tCWECE": 0.05850474246567587,
  "SKCE": 5.8446440631927324e-05,
  "DKDE_CE": 0.01277207654232646
}