{
  "nll": 0.871234118938446,
  "ECE_ew": 0.06036169081926346,
  "ECE_em": 0.06095976382493973,
  "CWECE_a": 0.00027347583090886474,
  "ACE": 0.06597337217176026,
  "CWECE_s": 0.26889991760253906,
  "dECE": 0.060971375478506104,
  "KDE_ECE": 0.05837784982927376,
  "CWECE_r2": 0.007498348636658666,
  "ECE_r2": 0.06579576954461855,
  "KSerror": 0.02689792652130127,
  "ECE_s_r2": 0.06534215980772269,
  "ECE_s_r1": 0.06096088480472565,
  "MMCE": 0.0228715401755107,
  "tCWECE_k": 0.028417644961292787,
  "tCWECE": 0.04358449322100992,
  "SKCE": 5.202739628508943e-06,
  "DKDE_CE": 0.020283910874618043
}