{
  "nll": 1.240860104560852,
  "ECE_ew": 0.031763311475515366,
  "ECE_em": 0.033157020807266235,
  "CWECE_a": 0.0020546242594718933,
  "ACE": 0.028590815682300156,
  "CWECE_s": 0.20398679375648499,
  "dECE": 0.030945339152216908,
  "KDE_ECE": 0.0309473476060601,
  "CWECE_r2": 0.01581039710126532,
  "ECE_r2": 0.03672711133523132,
  "KSerror": 0.017141823005676238,
  "ECE_s_r2": 0.03693756227265106,
  "ECE_s_r1": 0.0326229710549116,
  "MMCE": 0.02154493306151124,
  "tCWECE_k": 0.027998200045628908,
  "tCWECE": 0.035836129524758814,
  "SKCE": 2.7312979341918378e-05,
  "DKDE_CE": 0.013389980278487246
}