{
  "nll": 1.4317142963409424,
  "ECE_ew": 0.039726633578538895,
  "ECE_em": 0.037789005786180496,
  "CWECE_a": 0.002265126910060644,
  "ACE": 0.03170571928758661,
  "CWECE_s": 0.2210971713066101,
  "dECE": 0.03500852238833904,
  "KDE_ECE": 0.03627278009981303,
  "CWECE_r2": 0.015651702147612554,
  "ECE_r2": 0.046131498460322926,
  "KSerror": 0.031698115253448456,
  "ECE_s_r2": 0.044780533226133463,
  "ECE_s_r1": 0.037272404426336295,
  "MMCE": 0.02963496272352979,
  "tCWECE_k": 0.026444204939264592,
  "tCWECE": 0.034420431114172645,
  "SKCE": 3.146297973282094e-05,
  "DKDE_CE": 0.018224258892731347
}