{
  "nll": 0.37022900581359863,
  "ECE_ew": 0.029565798118710518,
  "ECE_em": 0.027270402759313583,
  "CWECE_a": 0.001020351774059236,
  "ACE": 0.0690260773199335,
  "CWECE_s": 0.200129896402359,
  "dECE": 0.02579713414112727,
  "KDE_ECE": 0.031163331978419938,
  "CWECE_r2": 0.0143538466053655,
  "ECE_r2": 0.03862419198290122,
  "KSerror": 0.027719164724966827,
  "ECE_s_r2": 0.029844731282185004,
  "ECE_s_r1": 0.027239704310004383,
  "MMCE": 0.023196974604270323,
  "tCWECE_k": 0.043902058485183554,
  "tCWECE": 0.0637010146042619,
  "SKCE": 1.3279570367853545e-05,
  "DKDE_CE": 0.009144422166948095
}