{
  "nll": 0.26283279061317444,
  "ECE_ew": 0.010178055614233017,
  "ECE_em": 0.011006972752511501,
  "CWECE_a": 0.003697208361700177,
  "ACE": 0.0539398192960433,
  "CWECE_s": 0.03476867452263832,
  "dECE": 0.010440493828058239,
  "KDE_ECE": 0.015292890356025749,
  "CWECE_r2": 0.017680795508575063,
  "ECE_r2": 0.026185219938203236,
  "KSerror": 0.009072246623039237,
  "ECE_s_r2": 0.015748371619712313,
  "ECE_s_r1": 0.010790872097015394,
  "MMCE": 0.006172930685030207,
  "tCWECE_k": 0.019945254350844106,
  "tCWECE": 0.024728833386452962,
  "SKCE": 1.743832944264694e-05,
  "DKDE_CE": 0.0014901820762752368
}