{
  "nll": 0.4442729353904724,
  "ECE_ew": 0.030510973185300827,
  "ECE_em": 0.02866603620350361,
  "CWECE_a": 0.0010896187741309404,
  "ACE": 0.05254594229199439,
  "CWECE_s": 0.209136962890625,
  "dECE": 0.026725202302138013,
  "KDE_ECE": 0.031732879954134846,
  "CWECE_r2": 0.015061949088877013,
  "ECE_r2": 0.03740233893761816,
  "KSerror": 0.028633060799309273,
  "ECE_s_r2": 0.030971706807928982,
  "ECE_s_r1": 0.02863182896998391,
  "MMCE": 0.024787153688457974,
  "tCWECE_k": 0.04519750166669541,
  "tCWECE": 0.06649210215505293,
  "SKCE": 1.224929238087894e-05,
  "DKDE_CE": 0.009824221842386982
}