{
  "nll": 1.4734234809875488,
  "ECE_ew": 0.032308004796504974,
  "ECE_em": 0.033789630979299545,
  "CWECE_a": 0.002171293832361698,
  "ACE": 0.025818377414817243,
  "CWECE_s": 0.21022777259349823,
  "dECE": 0.03163619424402714,
  "KDE_ECE": 0.03181362353838264,
  "CWECE_r2": 0.016325925660964517,
  "ECE_r2": 0.03759028226663259,
  "KSerror": 0.015367729568481425,
  "ECE_s_r2": 0.037458910564696746,
  "ECE_s_r1": 0.03139995187520982,
  "MMCE": 0.0200133695548126,
  "tCWECE_k": 0.02434634278046758,
  "tCWECE": 0.03237662683633428,
  "SKCE": 3.3589067999740814e-05,
  "DKDE_CE": 0.014789996813588755
}