{
  "nll": 1.0012011528015137,
  "ECE_ew": 0.04606031998991966,
  "ECE_em": 0.047437846660614014,
  "CWECE_a": 0.0002988851920235902,
  "ACE": 0.049203509720908124,
  "CWECE_s": 0.29420244693756104,
  "dECE": 0.04743563115715982,
  "KDE_ECE": 0.04607037047882096,
  "CWECE_r2": 0.007963825581617338,
  "ECE_r2": 0.049695836393035216,
  "KSerror": 0.019343443312644953,
  "ECE_s_r2": 0.04851309846423061,
  "ECE_s_r1": 0.047452044320106496,
  "MMCE": 0.02089604866954516,
  "tCWECE_k": 0.02106082021452734,
  "tCWECE": 0.03285820755023815,
  "SKCE": 5.259488482758979e-06,
  "DKDE_CE": 0.017525157171354222
}