{
  "nll": 0.7340095639228821,
  "ECE_ew": 0.03367183357477188,
  "ECE_em": 0.03293214738368988,
  "CWECE_a": 0.0013678772374987602,
  "ACE": 0.06711883534774456,
  "CWECE_s": 0.27556154131889343,
  "dECE": 0.030861559765356178,
  "KDE_ECE": 0.03603133828658702,
  "CWECE_r2": 0.016574679046844655,
  "ECE_r2": 0.042762984016932064,
  "KSerror": 0.03062569012837779,
  "ECE_s_r2": 0.03293342741463694,
  "ECE_s_r1": 0.03036998410368114,
  "MMCE": 0.02509852956189135,
  "tCWECE_k": 0.04265208358479299,
  "tCWECE": 0.06105857934381656,
  "SKCE": 1.3396851454503996e-05,
  "DKDE_CE": 0.015208015808249499
}