{
  "nll": 0.2358071357011795,
  "ECE_ew": 0.008129163645207882,
  "ECE_em": 0.009664948098361492,
  "CWECE_a": 0.0032301791943609715,
  "ACE": 0.06264080098715923,
  "CWECE_s": 0.034095399081707,
  "dECE": 0.008352518105506898,
  "KDE_ECE": 0.013068990127862803,
  "CWECE_r2": 0.015908909175706257,
  "ECE_r2": 0.02070347916330625,
  "KSerror": 0.007350751256942761,
  "ECE_s_r2": 0.014930700353778375,
  "ECE_s_r1": 0.00911378178596496,
  "MMCE": 0.005526894250715654,
  "tCWECE_k": 0.016173649693187207,
  "tCWECE": 0.021458004670678356,
  "SKCE": 9.499993257698307e-06,
  "DKDE_CE": 0.001998691276250398
}