{
  "nll": 0.23739466071128845,
  "ECE_ew": 0.005547506734728813,
  "ECE_em": 0.009242964908480644,
  "CWECE_a": 0.003309203777462244,
  "ACE": 0.042135160382257404,
  "CWECE_s": 0.03209836781024933,
  "dECE": 0.008443879480659958,
  "KDE_ECE": 0.013162137561799878,
  "CWECE_r2": 0.017419653023056956,
  "ECE_r2": 0.014698163604241771,
  "KSerror": 0.0025427039146423414,
  "ECE_s_r2": 0.006070718716519687,
  "ECE_s_r1": 0.004530656051635739,
  "MMCE": 0.0021366755451527747,
  "tCWECE_k": 0.01606880641980944,
  "tCWECE": 0.021865136072349637,
  "SKCE": 1.1028365055425015e-05,
  "DKDE_CE": 0.0015663376488788102
}