{
  "nll": 0.10366461426019669,
  "ECE_ew": 0.0074555277824401855,
  "ECE_em": 0.007778835948556662,
  "CWECE_a": 0.002425402170047164,
  "ACE": 0.05038399356699352,
  "CWECE_s": 0.024073131382465363,
  "dECE": 0.007656009096169149,
  "KDE_ECE": 0.01103522666467086,
  "CWECE_r2": 0.010696872318130107,
  "ECE_r2": 0.011534669147896255,
  "KSerror": 0.007410346472563778,
  "ECE_s_r2": 0.009309662959114562,
  "ECE_s_r1": 0.006921702484155524,
  "MMCE": 0.006484385368514938,
  "tCWECE_k": 0.010062185477918277,
  "tCWECE": 0.01295256199148061,
  "SKCE": 2.3250079621272194e-05,
  "DKDE_CE": 0.0009429438977108213
}