{
  "nll": 1.2046513557434082,
  "ECE_ew": 0.03501608222723007,
  "ECE_em": 0.03281033784151077,
  "CWECE_a": 0.00035185873275622725,
  "ACE": 0.024056119094535203,
  "CWECE_s": 0.3425008952617645,
  "dECE": 0.03131465280771256,
  "KDE_ECE": 0.03384210413170698,
  "CWECE_r2": 0.008428404558081455,
  "ECE_r2": 0.040821954380265264,
  "KSerror": 0.03277632993698121,
  "ECE_s_r2": 0.040248287016981715,
  "ECE_s_r1": 0.03276963047981259,
  "MMCE": 0.02957898240305099,
  "tCWECE_k": 0.018162805880421254,
  "tCWECE": 0.026880226005952346,
  "SKCE": 6.925542557138882e-06,
  "DKDE_CE": 0.02057780736044118
}