{
  "nll": 0.08542275428771973,
  "ECE_ew": 0.008622001856565475,
  "ECE_em": 0.008433481678366661,
  "CWECE_a": 0.0019807040225714445,
  "ACE": 0.10376185712043778,
  "CWECE_s": 0.019403425976634026,
  "dECE": 0.00841755633652852,
  "KDE_ECE": 0.007380244325094053,
  "CWECE_r2": 0.012964064770553735,
  "ECE_r2": 0.022588448536495748,
  "KSerror": 0.008527995218289841,
  "ECE_s_r2": 0.013158510174828483,
  "ECE_s_r1": 0.008440149502660421,
  "MMCE": 0.007361614024381214,
  "tCWECE_k": 0.011300802474178967,
  "tCWECE": 0.013307152489910833,
  "SKCE": 6.001405101645817e-06,
  "DKDE_CE": 0.0007106196317287233
}