{
  "nll": 0.35827401280403137,
  "ECE_ew": 0.04750348627567291,
  "ECE_em": 0.04747393727302551,
  "CWECE_a": 0.009829039685428143,
  "ACE": 0.1820101923475609,
  "CWECE_s": 0.09845618158578873,
  "dECE": 0.04743450993299485,
  "KDE_ECE": 0.043360344580041864,
  "CWECE_r2": 0.02724771094392734,
  "ECE_r2": 0.06650978830247473,
  "KSerror": 0.04750823287963868,
  "ECE_s_r2": 0.09075184168362757,
  "ECE_s_r1": 0.04750353159904481,
  "MMCE": 0.042773807332876036,
  "tCWECE_k": 0.049379012919861576,
  "tCWECE": 0.052334217739714306,
  "SKCE": 0.00022186097559502989,
  "DKDE_CE": 0.0021647523656884646
}