{
  "nll": 0.07980901747941971,
  "ECE_ew": 0.004461797419935465,
  "ECE_em": 0.0046652513556182384,
  "CWECE_a": 0.0015576336300000548,
  "ACE": 0.058782358236206735,
  "CWECE_s": 0.015118327923119068,
  "KDE_ECE": 0.008263281286102047,
  "KSerror": 0.0046845423933473684,
  "ECE_s_r2": 0.0073381782038909864,
  "ECE_s_r1": 0.004524039032456356,
  "MMCE": 0.0035242870912629365,
  "DKDE_CE": 0.0011699947180513755,
  "dECE": 0.004847749212805983,
  "CWECE_r2": 0.01110797657145235,
  "ECE_r2": 0.013536694980068603,
  "tCWECE_k": 0.008125701125723198,
  "tCWECE": 0.011283129069823325,
  "SKCE": 3.3476853535578536e-06
}