{
  "nll": 0.33408305048942566,
  "ECE_ew": 0.012609957717359066,
  "ECE_em": 0.010371471755206585,
  "CWECE_a": 0.0009341679979115725,
  "ACE": 0.055060328415029704,
  "CWECE_s": 0.178091362118721,
  "KDE_ECE": 0.014605190161505344,
  "KSerror": 0.0058158913655067535,
  "ECE_s_r2": 0.008215760503621768,
  "ECE_s_r1": 0.006025172940534129,
  "MMCE": 0.006599268901339533,
  "DKDE_CE": 0.011872090136099335,
  "dECE": 0.007199242152273657,
  "CWECE_r2": 0.015031280397370912,
  "ECE_r2": 0.022962368283953722,
  "tCWECE_k": 0.049932938700039564,
  "tCWECE": 0.06798442932975186,
  "SKCE": 1.2973191656472013e-05
}