{
  "nll": 0.25442269444465637,
  "ECE_ew": 0.013604942709207535,
  "ECE_em": 0.013777711428701878,
  "CWECE_a": 0.004535829648375511,
  "ACE": 0.051888968089375466,
  "CWECE_s": 0.045237019658088684,
  "KDE_ECE": 0.018928580765355526,
  "KSerror": 0.014526072883605967,
  "ECE_s_r2": 0.026664649342403503,
  "ECE_s_r1": 0.014733176517486561,
  "MMCE": 0.011268392517208256,
  "DKDE_CE": 0.001808826721506562,
  "dECE": 0.014265482577681551,
  "CWECE_r2": 0.019088882012042487,
  "ECE_r2": 0.029122693020840553,
  "tCWECE_k": 0.02248059385043761,
  "tCWECE": 0.028275219056736644,
  "SKCE": 3.99639810522947e-05
}