{
  "nll": 0.7334652543067932,
  "ECE_ew": 0.007737684994935989,
  "ECE_em": 0.00791184138506651,
  "CWECE_a": 0.00026800736668519676,
  "ACE": 0.01641335592349351,
  "CWECE_s": 0.2669156789779663,
  "KDE_ECE": 0.008572964104263517,
  "KSerror": 0.0027544557952880883,
  "ECE_s_r2": 0.009381484095333048,
  "ECE_s_r1": 0.006785399721860875,
  "MMCE": 0.0021145263949641302,
  "DKDE_CE": 0.021473915499403855,
  "dECE": 0.006608671936094754,
  "CWECE_r2": 0.007712712649267405,
  "ECE_r2": 0.013071835756268886,
  "tCWECE_k": 0.02493362277816923,
  "tCWECE": 0.037125789316629444,
  "SKCE": 5.6955907847982665e-06
}