{
  "nll": 1.166200041770935,
  "ECE_ew": 0.04314371943473816,
  "ECE_em": 0.046917837113142014,
  "CWECE_a": 0.0021764524281024933,
  "ACE": 0.055703267824588704,
  "CWECE_s": 0.21482297778129578,
  "KDE_ECE": 0.03705121505309824,
  "KSerror": 0.040406886625289906,
  "ECE_s_r2": 0.057387513915222337,
  "ECE_s_r1": 0.04463867011964321,
  "MMCE": 0.029216001876112344,
  "DKDE_CE": 0.03476396800500105,
  "dECE": 0.04452696679234505,
  "CWECE_r2": 0.017903770516219535,
  "ECE_r2": 0.05984905663894814,
  "tCWECE_k": 0.025945844926243918,
  "tCWECE": 0.03690516305389082,
  "SKCE": 2.923183926849942e-05
}