{
  "nll": 0.3130699694156647,
  "ECE_ew": 0.012996602803468704,
  "ECE_em": 0.012017679400742054,
  "CWECE_a": 0.00089145393576473,
  "ACE": 0.053697421609276805,
  "CWECE_s": 0.17192676663398743,
  "KDE_ECE": 0.014465190805989186,
  "KSerror": 0.004171664619920246,
  "ECE_s_r2": 0.012475122327154656,
  "ECE_s_r1": 0.009529327219398457,
  "MMCE": 0.005826021365771135,
  "DKDE_CE": 0.010837885565700395,
  "dECE": 0.008882532889644305,
  "CWECE_r2": 0.014340475039909498,
  "ECE_r2": 0.02625306183799114,
  "tCWECE_k": 0.048674278213721174,
  "tCWECE": 0.06597721596885461,
  "SKCE": 1.1309538892590118e-05
}