{
  "nll": 0.21622395515441895,
  "ECE_ew": 0.010792980901896954,
  "ECE_em": 0.011555534787476063,
  "CWECE_a": 0.004836691543459892,
  "ACE": 0.12013488722866972,
  "CWECE_s": 0.047345537692308426,
  "KDE_ECE": 0.018653454078251665,
  "KSerror": 0.00920255603790282,
  "ECE_s_r2": 0.012752972103417885,
  "ECE_s_r1": 0.010822762441635103,
  "MMCE": 0.005778621235113636,
  "DKDE_CE": 0.0016123609599776674,
  "dECE": 0.010989641064405448,
  "CWECE_r2": 0.02261934060106008,
  "ECE_r2": 0.03184295202791712,
  "tCWECE_k": 0.027437012109484942,
  "tCWECE": 0.03195025742459216,
  "SKCE": 0.00010105273775539683
}