{
  "nll": 1.013841152191162,
  "ECE_ew": 0.014644390903413296,
  "ECE_em": 0.014576083049178123,
  "CWECE_a": 0.00031612900784239173,
  "ACE": 0.018584301868390156,
  "CWECE_s": 0.30816712975502014,
  "KDE_ECE": 0.016059099563640034,
  "KSerror": 0.009932022113800065,
  "ECE_s_r2": 0.022470856826466837,
  "ECE_s_r1": 0.016359253997802733,
  "MMCE": 0.009666623311684386,
  "DKDE_CE": 0.029028350823746805,
  "dECE": 0.012887480943202974,
  "CWECE_r2": 0.008365506068872843,
  "ECE_r2": 0.021555124234260897,
  "tCWECE_k": 0.019712528430228665,
  "tCWECE": 0.030302905622920737,
  "SKCE": 9.348231387323067e-06
}