{
  "nll": 0.5996046662330627,
  "ECE_ew": 0.027083922177553177,
  "ECE_em": 0.02209720015525818,
  "CWECE_a": 0.0014377357438206673,
  "ACE": 0.04386974938344202,
  "CWECE_s": 0.2761968970298767,
  "KDE_ECE": 0.020402568040487457,
  "KSerror": 0.010495274562147716,
  "ECE_s_r2": 0.02554037241593052,
  "ECE_s_r1": 0.021648225292044496,
  "MMCE": 0.011296044684164439,
  "DKDE_CE": 0.017395195879952433,
  "dECE": 0.019255666434764847,
  "CWECE_r2": 0.018270563654087572,
  "ECE_r2": 0.03698360151717165,
  "tCWECE_k": 0.04288170470136278,
  "tCWECE": 0.06099953503653988,
  "SKCE": 3.283231535245669e-05
}