{
  "nll": 1.075219750404358,
  "ECE_ew": 0.017072247341275215,
  "ECE_em": 0.021065331995487213,
  "CWECE_a": 0.00032172896317206323,
  "ACE": 0.022977890752391317,
  "CWECE_s": 0.3143656253814697,
  "KDE_ECE": 0.01744967321179215,
  "KSerror": 0.014894184951782186,
  "ECE_s_r2": 0.025906764365266486,
  "ECE_s_r1": 0.021398969615697865,
  "MMCE": 0.012040142752475986,
  "DKDE_CE": 0.031331467741029385,
  "dECE": 0.020038058725595477,
  "CWECE_r2": 0.008413463734660443,
  "ECE_r2": 0.024811742719577645,
  "tCWECE_k": 0.017222391535687685,
  "tCWECE": 0.026260928393789115,
  "SKCE": 9.143864530994689e-06
}