{
  "nll": 0.6229852437973022,
  "ECE_ew": 0.027624627575278282,
  "ECE_em": 0.029138104990124702,
  "CWECE_a": 0.0013161153765395284,
  "ACE": 0.06630792882645196,
  "CWECE_s": 0.2572314739227295,
  "KDE_ECE": 0.02508339551099387,
  "KSerror": 0.016261291351654106,
  "ECE_s_r2": 0.029737228894427006,
  "ECE_s_r1": 0.018055738602830173,
  "MMCE": 0.01706508435749633,
  "DKDE_CE": 0.021760444586633197,
  "dECE": 0.027113606225510158,
  "CWECE_r2": 0.01650614474518339,
  "ECE_r2": 0.044230677811950184,
  "tCWECE_k": 0.04949434795236815,
  "tCWECE": 0.06499186941613361,
  "SKCE": 3.457010259945388e-05
}