{
  "nll": 0.6747652292251587,
  "ECE_ew": 0.012428720481693745,
  "ECE_em": 0.010710438713431358,
  "CWECE_a": 0.00025165165425278246,
  "ACE": 0.028451283186993807,
  "CWECE_s": 0.24603818356990814,
  "KDE_ECE": 0.012005691149687305,
  "KSerror": 0.01054118604660037,
  "ECE_s_r2": 0.014790113713499378,
  "ECE_s_r1": 0.010874911892414095,
  "MMCE": 0.009041200832854007,
  "DKDE_CE": 0.020000250141898077,
  "dECE": 0.009058790305852896,
  "CWECE_r2": 0.007432628388158429,
  "ECE_r2": 0.018925856953922675,
  "tCWECE_k": 0.021605624352132025,
  "tCWECE": 0.033128163309623496,
  "SKCE": 4.4915746702519755e-06
}