{
  "nll": 1.204511284828186,
  "ECE_ew": 0.043795593082904816,
  "ECE_em": 0.05029032379388809,
  "CWECE_a": 0.002091014990583062,
  "ACE": 0.05236276593918608,
  "CWECE_s": 0.2130640745162964,
  "KDE_ECE": 0.043007198149689285,
  "KSerror": 0.036568100643157964,
  "ECE_s_r2": 0.05395958798442099,
  "ECE_s_r1": 0.04939003176689148,
  "MMCE": 0.02198608846378773,
  "DKDE_CE": 0.052623567899890825,
  "dECE": 0.0487620694488287,
  "CWECE_r2": 0.017258779158891437,
  "ECE_r2": 0.05285658283221406,
  "tCWECE_k": 0.0322163329487984,
  "tCWECE": 0.04638507373532578,
  "SKCE": 4.1391351746427e-05
}