{
  "nll": 1.0877431631088257,
  "ECE_ew": 0.05538396164774895,
  "ECE_em": 0.05377527326345444,
  "CWECE_a": 0.00210462580434978,
  "ACE": 0.06450427736796358,
  "CWECE_s": 0.2096424549818039,
  "KDE_ECE": 0.04310057206428768,
  "KSerror": 0.041475931692123436,
  "ECE_s_r2": 0.06193610732121455,
  "ECE_s_r1": 0.05165617626905442,
  "MMCE": 0.024559104409057755,
  "DKDE_CE": 0.036087747617212416,
  "dECE": 0.05224750383198261,
  "CWECE_r2": 0.01824257429177993,
  "ECE_r2": 0.06425636148288758,
  "tCWECE_k": 0.03420497025545,
  "tCWECE": 0.05049414871284846,
  "SKCE": 5.077071583468247e-05
}