{
  "nll": 0.23057343065738678,
  "ECE_ew": 0.00965458806604147,
  "ECE_em": 0.007767816539853811,
  "CWECE_a": 0.004265668801963329,
  "ACE": 0.057035242164511134,
  "CWECE_s": 0.04068145528435707,
  "KDE_ECE": 0.016539159056483142,
  "KSerror": 0.008161007976531964,
  "ECE_s_r2": 0.011596057043414182,
  "ECE_s_r1": 0.007786750972271008,
  "MMCE": 0.007240284101275827,
  "DKDE_CE": 0.0015860230724297065,
  "dECE": 0.008023660926520827,
  "CWECE_r2": 0.018097428529568717,
  "ECE_r2": 0.024721567352003666,
  "tCWECE_k": 0.017470866899255182,
  "tCWECE": 0.02830436618028865,
  "SKCE": 2.6062113329774742e-05
}