{
  "nll": 1.802246332168579,
  "ECE_ew": 0.1878376305103302,
  "ECE_em": 0.18781669437885284,
  "CWECE_a": 0.004212077707052231,
  "ACE": 0.29445038524445977,
  "CWECE_s": 0.42026785016059875,
  "dECE": 0.18783520461320885,
  "KDE_ECE": 0.18163040900136043,
  "CWECE_r2": 0.027245992615262997,
  "ECE_r2": 0.21584122010769505,
  "KSerror": 0.1878432909965515,
  "ECE_s_r2": 0.2471043864738405,
  "ECE_s_r1": 0.18783758722543717,
  "MMCE": 0.1587224621784831,
  "tCWECE_k": 0.14442881288952555,
  "tCWECE": 0.1578781974628965,
  "SKCE": 0.0002765580049925635,
  "DKDE_CE": 0.02878392361585778
}