{
  "nll": 0.943954586982727,
  "ECE_ew": 0.057198863476514816,
  "ECE_em": 0.05719777196645737,
  "CWECE_a": 0.00031390617368742824,
  "ACE": 0.06939450804438078,
  "CWECE_s": 0.3099171221256256,
  "dECE": 0.057199005407094966,
  "KDE_ECE": 0.05173555057336304,
  "CWECE_r2": 0.008527997713446278,
  "ECE_r2": 0.0655117290708557,
  "KSerror": 0.057211123065948444,
  "ECE_s_r2": 0.06708402415829015,
  "ECE_s_r1": 0.057198872607350355,
  "MMCE": 0.04508759474622703,
  "tCWECE_k": 0.024267714804392278,
  "tCWECE": 0.03443149434746438,
  "SKCE": 1.0057801601781584e-05,
  "DKDE_CE": 0.025913926150073912
}