{
  "nll": 0.43005889654159546,
  "ECE_ew": 0.055002667009830475,
  "ECE_em": 0.0548965148627758,
  "CWECE_a": 0.011403100565075874,
  "ACE": 0.19606983042165674,
  "CWECE_s": 0.11430294811725616,
  "dECE": 0.05486770254969599,
  "KDE_ECE": 0.05013465874605711,
  "CWECE_r2": 0.03200628855349147,
  "ECE_r2": 0.08226638086943559,
  "KSerror": 0.05493420944213867,
  "ECE_s_r2": 0.10246873922157346,
  "ECE_s_r1": 0.05493088798522949,
  "MMCE": 0.0487031168792101,
  "tCWECE_k": 0.05837092710847821,
  "tCWECE": 0.060965722888057884,
  "SKCE": 0.0002745220496296372,
  "DKDE_CE": 0.0020834676901727105
}