{
  "nll": 2.6747567653656006,
  "ECE_ew": 0.02080957032740116,
  "ECE_em": 0.052088573575019836,
  "CWECE_a": 0.0008799982024356723,
  "ACE": 0.16043518952255856,
  "CWECE_s": 0.1713734120130539,
  "KDE_ECE": 0.02650965245067631,
  "KSerror": 0.03164801320329827,
  "ECE_s_r2": 0.0365703250448119,
  "ECE_s_r1": 0.0304478710267081,
  "MMCE": 0.01728162806531925,
  "DKDE_CE": 0.01833743045568494,
  "dECE": 0.04834722553690275,
  "CWECE_r2": 0.011824145511888028,
  "ECE_r2": 0.06821608709367488,
  "tCWECE_k": 0.04472794149349811,
  "tCWECE": 0.06656517693414178,
  "SKCE": 3.362150337779862e-05
}