{
  "nll": 5.114468574523926,
  "ECE_ew": 0.08195310831069946,
  "ECE_em": 0.09113708883523941,
  "CWECE_a": 0.0003160103806294501,
  "ACE": 0.1204297556518588,
  "CWECE_s": 0.3101179897785187,
  "KDE_ECE": 0.07965485393962592,
  "KSerror": 0.05655222466468812,
  "ECE_s_r2": 0.07812054782051148,
  "ECE_s_r1": 0.07248254731178289,
  "MMCE": 0.0329468223050418,
  "DKDE_CE": 0.1046592022854841,
  "dECE": 0.09083995874047282,
  "CWECE_r2": 0.008011008154946816,
  "ECE_r2": 0.10193627110337286,
  "tCWECE_k": 0.05530725420909566,
  "tCWECE": 0.10158274931138445,
  "SKCE": 1.3463996048530318e-05
}