{
  "nll": 3.4263880252838135,
  "ECE_ew": 0.06427552551031113,
  "ECE_em": 0.0681479200720787,
  "CWECE_a": 0.0002417937503196299,
  "ACE": 0.11821499469764112,
  "CWECE_s": 0.23855428397655487,
  "KDE_ECE": 0.060853730867976366,
  "KSerror": 0.035115705051422114,
  "ECE_s_r2": 0.0459231142341205,
  "ECE_s_r1": 0.045559363298416145,
  "MMCE": 0.018212692003105966,
  "DKDE_CE": 0.07045060535632959,
  "dECE": 0.0679887650036812,
  "CWECE_r2": 0.006540173847712593,
  "ECE_r2": 0.08085606903374515,
  "tCWECE_k": 0.041681991789947755,
  "tCWECE": 0.06967612704051605,
  "SKCE": 1.0258787221522384e-05
}