{
  "nll": 2.666125774383545,
  "ECE_ew": 0.01938796043395996,
  "ECE_em": 0.06660080701112747,
  "CWECE_a": 0.001091507263481617,
  "ACE": 0.1815314912725223,
  "CWECE_s": 0.2206750512123108,
  "KDE_ECE": 0.03794883590142391,
  "KSerror": 0.03840651196737227,
  "ECE_s_r2": 0.04925902048966315,
  "ECE_s_r1": 0.04655364029235499,
  "MMCE": 0.01578838256708769,
  "DKDE_CE": 0.043163423549868365,
  "dECE": 0.06391040560065117,
  "CWECE_r2": 0.012975457492205356,
  "ECE_r2": 0.06814103253979058,
  "tCWECE_k": 0.071765798304409,
  "tCWECE": 0.09417865612666888,
  "SKCE": 6.196165952950533e-05
}