{
  "nll": 4.129485607147217,
  "ECE_ew": 0.0853448361158371,
  "ECE_em": 0.0966750904917717,
  "CWECE_a": 0.0021184280049055815,
  "ACE": 0.15263073015025913,
  "CWECE_s": 0.21062317490577698,
  "KDE_ECE": 0.08938938133470517,
  "KSerror": 0.059704154300689705,
  "ECE_s_r2": 0.11174974124838621,
  "ECE_s_r1": 0.09503122787475589,
  "MMCE": 0.032031383536307016,
  "DKDE_CE": 0.15354567451929552,
  "dECE": 0.09583858684003349,
  "CWECE_r2": 0.018912367243967436,
  "ECE_r2": 0.11828162092512488,
  "tCWECE_k": 0.053907268973221116,
  "tCWECE": 0.08758375999260666,
  "SKCE": 0.00010177787622696174
}