{
  "nll": 5.1827311515808105,
  "ECE_ew": 0.06851599365472794,
  "ECE_em": 0.09219956398010254,
  "CWECE_a": 0.0003204180975444615,
  "ACE": 0.1243524905429234,
  "CWECE_s": 0.31640130281448364,
  "KDE_ECE": 0.08062710586749439,
  "KSerror": 0.05572517417430878,
  "ECE_s_r2": 0.07671438375957816,
  "ECE_s_r1": 0.07208437705039977,
  "MMCE": 0.03183232162441187,
  "DKDE_CE": 0.12133347756481147,
  "dECE": 0.09202674389004709,
  "CWECE_r2": 0.008087708790737374,
  "ECE_r2": 0.09636559813431228,
  "tCWECE_k": 0.04814901638411198,
  "tCWECE": 0.09072548593724995,
  "SKCE": 1.4535913565832271e-05
}