{
  "nll": 2.283202886581421,
  "ECE_ew": 0.01444949023425579,
  "ECE_em": 0.040177684277296066,
  "CWECE_a": 0.0007923436933197081,
  "ACE": 0.1510600594509516,
  "CWECE_s": 0.15368928015232086,
  "KDE_ECE": 0.021548884035692814,
  "KSerror": 0.02416933880220004,
  "ECE_s_r2": 0.030476610202796003,
  "ECE_s_r1": 0.0273771743276226,
  "MMCE": 0.012159462395347535,
  "DKDE_CE": 0.015046786085466668,
  "dECE": 0.039666404575109476,
  "CWECE_r2": 0.011690197533492576,
  "ECE_r2": 0.06181285475962945,
  "tCWECE_k": 0.04709648112187178,
  "tCWECE": 0.06705193873126694,
  "SKCE": 2.574074000227535e-05
}