{
  "nll": 3.6207828521728516,
  "ECE_ew": 0.08428486436605453,
  "ECE_em": 0.0830441564321518,
  "CWECE_a": 0.0020155995152890682,
  "ACE": 0.14973298902463944,
  "CWECE_s": 0.19790929555892944,
  "KDE_ECE": 0.07747238027412526,
  "KSerror": 0.05303259036540986,
  "ECE_s_r2": 0.09995432931307983,
  "ECE_s_r1": 0.08084732682704927,
  "MMCE": 0.02743476922629385,
  "DKDE_CE": 0.13525823376006924,
  "dECE": 0.08053370866477491,
  "CWECE_r2": 0.018487412360228002,
  "ECE_r2": 0.10755425638174151,
  "tCWECE_k": 0.050843964064828946,
  "tCWECE": 0.08005165325411254,
  "SKCE": 0.00010249027658638528
}