{
  "nll": 0.5126068592071533,
  "ECE_ew": 0.007303871214389801,
  "ECE_em": 0.030201304703950882,
  "CWECE_a": 0.004819794557988644,
  "ACE": 0.17175427855364303,
  "CWECE_s": 0.04829094931483269,
  "KDE_ECE": 0.014397054026979026,
  "KSerror": 0.011400316667556767,
  "ECE_s_r2": 0.007814959753565512,
  "ECE_s_r1": 0.0072188912391662466,
  "MMCE": 0.005921382730199087,
  "DKDE_CE": 0.00481541094944795,
  "dECE": 0.027208704349398614,
  "CWECE_r2": 0.022667609017050217,
  "ECE_r2": 0.04459941126337373,
  "tCWECE_k": 0.028354602045931165,
  "tCWECE": 0.03408616217626458,
  "SKCE": 0.0001393871314169579
}