{
  "nll": 4.338081359863281,
  "ECE_ew": 0.0690867081284523,
  "ECE_em": 0.07568458467721939,
  "CWECE_a": 0.00027964470791630447,
  "ACE": 0.12074431410709506,
  "CWECE_s": 0.27638310194015503,
  "KDE_ECE": 0.06815458354192717,
  "KSerror": 0.04358693585395812,
  "ECE_s_r2": 0.05883179392555083,
  "ECE_s_r1": 0.05629242173194887,
  "MMCE": 0.025167615103541298,
  "DKDE_CE": 0.07675315637402062,
  "dECE": 0.07521480834841729,
  "CWECE_r2": 0.007485101304520115,
  "ECE_r2": 0.08558184027746826,
  "tCWECE_k": 0.04422700854363664,
  "tCWECE": 0.07834274804862613,
  "SKCE": 1.2380061535072072e-05
}