{
  "nll": 3.927949905395508,
  "ECE_ew": 0.06383195519447327,
  "ECE_em": 0.08092903345823288,
  "CWECE_a": 0.0021610779222100973,
  "ACE": 0.10555514879620737,
  "CWECE_s": 0.21120166778564453,
  "KDE_ECE": 0.07422815557510555,
  "KSerror": 0.047026409482955944,
  "ECE_s_r2": 0.09038570419524702,
  "ECE_s_r1": 0.07684602540731426,
  "MMCE": 0.02677626339222857,
  "DKDE_CE": 0.1738230478919888,
  "dECE": 0.0791997320026159,
  "CWECE_r2": 0.018908662513485833,
  "ECE_r2": 0.08829244854490222,
  "tCWECE_k": 0.058069054280898015,
  "tCWECE": 0.09220364373960735,
  "SKCE": 0.00010409834423902596
}