{
  "nll": 0.40596649050712585,
  "ECE_ew": 0.016146261245012283,
  "ECE_em": 0.02852499485015869,
  "CWECE_a": 0.005376220680773258,
  "ACE": 0.18952537990603438,
  "CWECE_s": 0.05204090476036072,
  "KDE_ECE": 0.02158634501952763,
  "KSerror": 0.015999436473846385,
  "ECE_s_r2": 0.01624190982769162,
  "ECE_s_r1": 0.01601708688735964,
  "MMCE": 0.012955481917657483,
  "DKDE_CE": 0.006060359905547598,
  "dECE": 0.030866152179241185,
  "CWECE_r2": 0.02648107933555762,
  "ECE_r2": 0.05379578003153618,
  "tCWECE_k": 0.032505376474606315,
  "tCWECE": 0.03968104101732747,
  "SKCE": 0.0001019218499724789
}