{
  "nll": 0.2418023645877838,
  "ECE_ew": 0.007937072776257992,
  "ECE_em": 0.009677677415311337,
  "CWECE_a": 0.0019046773668378592,
  "ACE": 0.13105829886496834,
  "CWECE_s": 0.019175130873918533,
  "KDE_ECE": 0.012350832076259841,
  "KSerror": 0.0045515064015004825,
  "ECE_s_r2": 0.006368185813201309,
  "ECE_s_r1": 0.006060262034935085,
  "MMCE": 0.005033518954741812,
  "DKDE_CE": 0.0008495003509682301,
  "dECE": 0.011691556851933096,
  "CWECE_r2": 0.012319090330600833,
  "ECE_r2": 0.019271030426900915,
  "tCWECE_k": 0.00796980262330488,
  "tCWECE": 0.011251390066945217,
  "SKCE": 1.0592889241748355e-05
}