{
  "nll": 4.628383159637451,
  "ECE_ew": 0.04739862680435181,
  "ECE_em": 0.08472665399312973,
  "CWECE_a": 0.0013348126085475087,
  "ACE": 0.16695647886576956,
  "CWECE_s": 0.25965821743011475,
  "KDE_ECE": 0.05871613827797778,
  "KSerror": 0.05090978041810182,
  "ECE_s_r2": 0.06504686833524441,
  "ECE_s_r1": 0.05860299485832898,
  "MMCE": 0.02717832345864924,
  "DKDE_CE": 0.046359411298442864,
  "dECE": 0.0847667013605436,
  "CWECE_r2": 0.015518501393796728,
  "ECE_r2": 0.0984165192089204,
  "tCWECE_k": 0.052975249625298385,
  "tCWECE": 0.08576466260767028,
  "SKCE": 7.652110882810337e-05
}