{
  "nll": 0.5021658539772034,
  "ECE_ew": 0.011310145258903503,
  "ECE_em": 0.025557618588209152,
  "CWECE_a": 0.004618820734322071,
  "ACE": 0.17772345261489672,
  "CWECE_s": 0.04604659229516983,
  "KDE_ECE": 0.016562667250899117,
  "KSerror": 0.011152537727355916,
  "ECE_s_r2": 0.011859927247245959,
  "ECE_s_r1": 0.011147845554351776,
  "MMCE": 0.009011080689646081,
  "DKDE_CE": 0.005171663792473467,
  "dECE": 0.02704873751699924,
  "CWECE_r2": 0.021286823669955,
  "ECE_r2": 0.042762614625259376,
  "tCWECE_k": 0.02647744386950023,
  "tCWECE": 0.0318508946304143,
  "SKCE": 0.00010775299630908484
}