{
  "nll": 0.30535635352134705,
  "ECE_ew": 0.021831899881362915,
  "ECE_em": 0.020333075895905495,
  "CWECE_a": 0.0008417899371124804,
  "ACE": 0.07718457798335977,
  "CWECE_s": 0.16502831876277924,
  "dECE": 0.01917641448477904,
  "KDE_ECE": 0.014514080832406195,
  "CWECE_r2": 0.014116658877975127,
  "ECE_r2": 0.03244498836574827,
  "KSerror": 0.016846947349719144,
  "ECE_s_r2": 0.019654346982113165,
  "ECE_s_r1": 0.016841516506612586,
  "MMCE": 0.016490427496289768,
  "tCWECE_k": 0.055837339044015444,
  "tCWECE": 0.07379074276524697,
  "SKCE": 1.1650599265899912e-05,
  "DKDE_CE": 0.010485990013603215
}