{
  "nll": 0.8024010062217712,
  "ECE_ew": 0.06102968007326126,
  "ECE_em": 0.060429900884628296,
  "CWECE_a": 0.00032059114892035723,
  "ACE": 0.03452558048246392,
  "CWECE_s": 0.31355106830596924,
  "dECE": 0.05998066197991375,
  "KDE_ECE": 0.06088679046224651,
  "CWECE_r2": 0.007780050584223977,
  "ECE_r2": 0.06834449661441615,
  "KSerror": 0.057703622665405296,
  "ECE_s_r2": 0.06838841274896286,
  "ECE_s_r1": 0.05843203957557678,
  "MMCE": 0.05371539444144481,
  "tCWECE_k": 0.023913872704011168,
  "tCWECE": 0.03395520119734943,
  "SKCE": 6.944102736965847e-06,
  "DKDE_CE": 0.08512217103579965
}