{
  "nll": 0.3299262821674347,
  "ECE_ew": 0.02384619414806366,
  "ECE_em": 0.02123151533305645,
  "CWECE_a": 0.000903019739780575,
  "ACE": 0.06687414218939804,
  "CWECE_s": 0.1735294908285141,
  "dECE": 0.0204706729700168,
  "KDE_ECE": 0.01826668841584421,
  "CWECE_r2": 0.014916340230137924,
  "ECE_r2": 0.03449335991114639,
  "KSerror": 0.021263402492845862,
  "ECE_s_r2": 0.025958423659848965,
  "ECE_s_r1": 0.021259627294777636,
  "MMCE": 0.01847681501988839,
  "tCWECE_k": 0.05676340770621871,
  "tCWECE": 0.07571830523826933,
  "SKCE": 1.4287321141479548e-05,
  "DKDE_CE": 0.011400974338952995
}