{
  "nll": 0.9884787797927856,
  "ECE_ew": 0.06542997062206268,
  "ECE_em": 0.06542810052633286,
  "CWECE_a": 0.00032691884553059936,
  "ACE": 0.076988497631632,
  "CWECE_s": 0.3184587061405182,
  "dECE": 0.06543030685424808,
  "KDE_ECE": 0.05976699878741789,
  "CWECE_r2": 0.008782070427160584,
  "ECE_r2": 0.07582523970019311,
  "KSerror": 0.06544362344741816,
  "ECE_s_r2": 0.07770660232032144,
  "ECE_s_r1": 0.06542998752832413,
  "MMCE": 0.051914525905569046,
  "tCWECE_k": 0.025671141139475707,
  "tCWECE": 0.03614386273162576,
  "SKCE": 1.0269151517847473e-05,
  "DKDE_CE": 0.027159727905849744
}