{
  "nll": 1.5641521441594153,
  "ECE_ew": 0.06175868958234787,
  "ECE_em": 0.05917780473828316,
  "CWECE_a": 0.00117595458868891,
  "ACE": 0.14703897556935017,
  "CWECE_s": 0.22970134019851685,
  "KDE_ECE": 0.055455994524636266,
  "KSerror": 0.022654178253385338,
  "ECE_s_r2": 0.06275242143621171,
  "ECE_s_r1": 0.057152015000417805,
  "MMCE": 0.018629679138231263,
  "DKDE_CE": 0.06461736497668054,
  "dECE": 0.057398835798286696,
  "CWECE_r2": 0.011292571428548108,
  "ECE_r2": 0.07669826349585246,
  "tCWECE_k": 0.06248369214174729,
  "tCWECE": 0.07728227411257171,
  "SKCE": 7.932463722769139e-05
}