{
  "nll": 1.1613613950663337,
  "ECE_ew": 0.04372285678982735,
  "ECE_em": 0.04313771054148674,
  "CWECE_a": 0.0007680022972635925,
  "ACE": 0.20521206339482906,
  "CWECE_s": 0.14820198714733124,
  "KDE_ECE": 0.02829353231252515,
  "KSerror": 0.02573187017257489,
  "ECE_s_r2": 0.048602709013428516,
  "ECE_s_r1": 0.04283207286443388,
  "MMCE": 0.00909557621354589,
  "DKDE_CE": 0.022318736544952367,
  "dECE": 0.04469943883868122,
  "CWECE_r2": 0.008786439396283851,
  "ECE_r2": 0.0756850865299814,
  "tCWECE_k": 0.047058213531224975,
  "tCWECE": 0.05769231749981137,
  "SKCE": 3.509030053214409e-05
}