{
  "nll": 1.752656741077892,
  "ECE_ew": 0.08054421842098236,
  "ECE_em": 0.0858246311545372,
  "CWECE_a": 0.0019991500303149223,
  "ACE": 0.14705723320437214,
  "CWECE_s": 0.1972489356994629,
  "KDE_ECE": 0.08496488386678275,
  "KSerror": 0.04677464968854497,
  "ECE_s_r2": 0.10478002636555758,
  "ECE_s_r1": 0.0862671423645759,
  "MMCE": 0.026893818092088552,
  "DKDE_CE": 0.17830799519422447,
  "dECE": 0.08366662214948355,
  "CWECE_r2": 0.017218442147811465,
  "ECE_r2": 0.10541841496401418,
  "tCWECE_k": 0.06603114347303782,
  "tCWECE": 0.0908371045883475,
  "SKCE": 0.00011284532992237278
}