{
  "nll": 1.8208820842284694,
  "ECE_ew": 0.07563351839780807,
  "ECE_em": 0.07503686845302582,
  "CWECE_a": 0.001902401796542108,
  "ACE": 0.08667928169815346,
  "CWECE_s": 0.1825517863035202,
  "KDE_ECE": 0.07148387415795149,
  "KSerror": 0.03708141464823933,
  "ECE_s_r2": 0.08282997123972274,
  "ECE_s_r1": 0.07511998677061965,
  "MMCE": 0.02375253656856036,
  "DKDE_CE": 0.19657172830973269,
  "dECE": 0.0762289348406033,
  "CWECE_r2": 0.016613830235532114,
  "ECE_r2": 0.08450134042747992,
  "tCWECE_k": 0.06730498666566123,
  "tCWECE": 0.09210927656139935,
  "SKCE": 0.00010997324081207018
}