{
  "nll": 1.4505000690830578,
  "ECE_ew": 0.04916747659444809,
  "ECE_em": 0.06015130877494812,
  "CWECE_a": 0.0009811116615310311,
  "ACE": 0.23411212372842055,
  "CWECE_s": 0.19606155157089233,
  "KDE_ECE": 0.05249547670636119,
  "KSerror": 0.03000547909997142,
  "ECE_s_r2": 0.06834378357699313,
  "ECE_s_r1": 0.058085149623816175,
  "MMCE": 0.013218093314116556,
  "DKDE_CE": 0.05523289427333908,
  "dECE": 0.05889651019232019,
  "CWECE_r2": 0.009220074023183877,
  "ECE_r2": 0.09251537364399645,
  "tCWECE_k": 0.06421000435776401,
  "tCWECE": 0.0684984531217497,
  "SKCE": 6.364473299467817e-05
}