{
  "nll": 1.9383352767141844,
  "ECE_ew": 0.07700397819280624,
  "ECE_em": 0.07879199087619781,
  "CWECE_a": 0.0002694934082683176,
  "ACE": 0.1259210619147349,
  "CWECE_s": 0.2649146616458893,
  "KDE_ECE": 0.07763498675620882,
  "KSerror": 0.03341487826305309,
  "ECE_s_r2": 0.08103549569448228,
  "ECE_s_r1": 0.0712435183317228,
  "MMCE": 0.024403854320287455,
  "DKDE_CE": 0.14499227555951752,
  "dECE": 0.07878779191249227,
  "CWECE_r2": 0.006537063016897551,
  "ECE_r2": 0.09362651008481312,
  "tCWECE_k": 0.06447542379826132,
  "tCWECE": 0.08953684140313597,
  "SKCE": 1.5163737764611966e-05
}