{
  "nll": 0.31252788061498715,
  "ECE_ew": 0.006525672506541014,
  "ECE_em": 0.030565505847334862,
  "CWECE_a": 0.004985840525478125,
  "ACE": 0.16337885144658132,
  "CWECE_s": 0.04914678633213043,
  "KDE_ECE": 0.013436432728878324,
  "KSerror": 0.01175044723806,
  "ECE_s_r2": 0.0075018039100288696,
  "ECE_s_r1": 0.006167357885989433,
  "MMCE": 0.0053052792375113764,
  "DKDE_CE": 0.005044552970790964,
  "dECE": 0.024707050263333627,
  "CWECE_r2": 0.023062742062690995,
  "ECE_r2": 0.040642934210136095,
  "tCWECE_k": 0.029846861281102983,
  "tCWECE": 0.03603321531294379,
  "SKCE": 0.00014528577601003847
}