{
  "nll": 1.6836274078920852,
  "ECE_ew": 0.061403319239616394,
  "ECE_em": 0.08284198492765427,
  "CWECE_a": 0.001836429932154715,
  "ACE": 0.13603157079152087,
  "CWECE_s": 0.1819695234298706,
  "KDE_ECE": 0.0783352351610899,
  "KSerror": 0.04944863190749835,
  "ECE_s_r2": 0.09860081282996841,
  "ECE_s_r1": 0.08305465320381504,
  "MMCE": 0.023201665023255578,
  "DKDE_CE": 0.1608546992574487,
  "dECE": 0.08204164023232556,
  "CWECE_r2": 0.016316566152051605,
  "ECE_r2": 0.09768345181266494,
  "tCWECE_k": 0.06766625610597851,
  "tCWECE": 0.09231437759332806,
  "SKCE": 0.00010667801628150995
}