{
  "nll": 1.9854253669342832,
  "ECE_ew": 0.08712771534919739,
  "ECE_em": 0.08677893131971359,
  "CWECE_a": 0.00027804961428046227,
  "ACE": 0.11596759410622089,
  "CWECE_s": 0.2733408510684967,
  "KDE_ECE": 0.0841785108087938,
  "KSerror": 0.03553027405439463,
  "ECE_s_r2": 0.09817002709796187,
  "ECE_s_r1": 0.0770806614242611,
  "MMCE": 0.02682823819495578,
  "DKDE_CE": 0.16302216959159543,
  "dECE": 0.08673110166129673,
  "CWECE_r2": 0.006621686627983795,
  "ECE_r2": 0.10229069893187807,
  "tCWECE_k": 0.0614419705454057,
  "tCWECE": 0.08626302464065853,
  "SKCE": 1.5843186213640875e-05
}