{
  "nll": 0.9927489062125618,
  "ECE_ew": 0.03323858231306076,
  "ECE_em": 0.03958540037274361,
  "CWECE_a": 0.0007132262689992785,
  "ACE": 0.16055422611363204,
  "CWECE_s": 0.13671554625034332,
  "KDE_ECE": 0.02414024978602397,
  "KSerror": 0.020699539177210485,
  "ECE_s_r2": 0.04996675191090236,
  "ECE_s_r1": 0.0389001629314135,
  "MMCE": 0.006206994798676999,
  "DKDE_CE": 0.019417649297548842,
  "dECE": 0.038305303707012156,
  "CWECE_r2": 0.008455300270697177,
  "ECE_r2": 0.06276803283017188,
  "tCWECE_k": 0.049991859621376505,
  "tCWECE": 0.05829247821892821,
  "SKCE": 3.033819154339643e-05
}