{
  "nll": 0.10780820588459335,
  "ECE_ew": 0.008700565434992313,
  "ECE_em": 0.009051499888300896,
  "CWECE_a": 0.002035632263869047,
  "ACE": 0.22357593286492308,
  "CWECE_s": 0.019858503714203835,
  "KDE_ECE": 0.011212420502011792,
  "KSerror": 0.004499336100495006,
  "ECE_s_r2": 0.00590197472108928,
  "ECE_s_r1": 0.004280060617058545,
  "MMCE": 0.005384283590642955,
  "DKDE_CE": 0.0008376527923461893,
  "dECE": 0.011964557064612491,
  "CWECE_r2": 0.011993742943012174,
  "ECE_r2": 0.023181683244927392,
  "tCWECE_k": 0.007862166906206895,
  "tCWECE": 0.01198157539168908,
  "SKCE": 1.0611217286162078e-05
}