{
  "nll": 1.619832862459363,
  "ECE_ew": 0.0634591206908226,
  "ECE_em": 0.08202555030584335,
  "CWECE_a": 0.00025178169016726315,
  "ACE": 0.1413412115287732,
  "CWECE_s": 0.2504628896713257,
  "KDE_ECE": 0.07480543320840338,
  "KSerror": 0.02232771575267717,
  "ECE_s_r2": 0.06301445735818767,
  "ECE_s_r1": 0.06122648714342292,
  "MMCE": 0.026570308485642086,
  "DKDE_CE": 0.1053468144179748,
  "dECE": 0.08205227030127385,
  "CWECE_r2": 0.006133805994569268,
  "ECE_r2": 0.08661263118656155,
  "tCWECE_k": 0.058489358538799274,
  "tCWECE": 0.0794712543103773,
  "SKCE": 1.4276978934024861e-05
}