{
  "nll": 1.655327834724887,
  "ECE_ew": 0.053415365517139435,
  "ECE_em": 0.06588836759328842,
  "CWECE_a": 0.00021406104497145861,
  "ACE": 0.12161114916225123,
  "CWECE_s": 0.21333639323711395,
  "KDE_ECE": 0.06512169889904663,
  "KSerror": 0.021475358929796018,
  "ECE_s_r2": 0.06204077676734453,
  "ECE_s_r1": 0.05478358882554372,
  "MMCE": 0.023486263241702224,
  "DKDE_CE": 0.09702076509930178,
  "dECE": 0.06585747329171895,
  "CWECE_r2": 0.0049251796829821795,
  "ECE_r2": 0.07501842793321564,
  "tCWECE_k": 0.05092625971550679,
  "tCWECE": 0.06510156084126155,
  "SKCE": 1.146961319625407e-05
}