{
  "nll": 0.32694009076986114,
  "ECE_ew": 0.009928551502525806,
  "ECE_em": 0.024586709216237068,
  "CWECE_a": 0.004547142889350653,
  "ACE": 0.20499273428860845,
  "CWECE_s": 0.04477326199412346,
  "KDE_ECE": 0.015033275553155163,
  "KSerror": 0.00949208565557913,
  "ECE_s_r2": 0.009930129363543688,
  "ECE_s_r1": 0.009488258534259664,
  "MMCE": 0.007860135752271378,
  "DKDE_CE": 0.0054224504214762355,
  "dECE": 0.024286860149346105,
  "CWECE_r2": 0.022029715301328214,
  "ECE_r2": 0.04435237245703724,
  "tCWECE_k": 0.026622359051823603,
  "tCWECE": 0.031492300615948196,
  "SKCE": 0.00011132057937916017
}