{
  "nll": 0.36661703906731,
  "ECE_ew": 0.01689637079834938,
  "ECE_em": 0.027310656383633614,
  "CWECE_a": 0.005350892432034016,
  "ACE": 0.203897227828534,
  "CWECE_s": 0.05442879721522331,
  "KDE_ECE": 0.01974183185525908,
  "KSerror": 0.016794674651479324,
  "ECE_s_r2": 0.017905035563329504,
  "ECE_s_r1": 0.016734752006074438,
  "MMCE": 0.013799197601831702,
  "DKDE_CE": 0.006213763118104643,
  "dECE": 0.029350751580142272,
  "CWECE_r2": 0.024730622631816114,
  "ECE_r2": 0.05694917320642321,
  "tCWECE_k": 0.03169301860030662,
  "tCWECE": 0.03704281056176601,
  "SKCE": 0.00010410183371654975
}