{
  "nll": 0.4115492105484009,
  "ECE_ew": 0.02748124673962593,
  "ECE_em": 0.026852158829569817,
  "CWECE_a": 0.0009056187700480223,
  "ACE": 0.08155374726169408,
  "CWECE_s": 0.17471276223659515,
  "KDE_ECE": 0.022179830338773753,
  "KSerror": 0.026864061545376794,
  "ECE_s_r2": 0.03828251770858881,
  "ECE_s_r1": 0.026861068265355028,
  "MMCE": 0.021730799542999595,
  "DKDE_CE": 0.011129813745698025,
  "dECE": 0.026419476668039954,
  "CWECE_r2": 0.014895362282805894,
  "ECE_r2": 0.04065775544108692,
  "tCWECE_k": 0.058702022769515035,
  "tCWECE": 0.07703820670780673,
  "SKCE": 1.9723366848617843e-05
}