{
  "nll": 0.9453207850456238,
  "ECE_ew": 0.03165165334939957,
  "ECE_em": 0.030471963807940483,
  "CWECE_a": 0.0003110511461272836,
  "ACE": 0.03244108176635894,
  "CWECE_s": 0.3027361333370209,
  "KDE_ECE": 0.026833942305816084,
  "KSerror": 0.02612057621002195,
  "ECE_s_r2": 0.0356352933881013,
  "ECE_s_r1": 0.03199861100673677,
  "MMCE": 0.023186553215171934,
  "DKDE_CE": 0.025290977277076635,
  "dECE": 0.029929911088347437,
  "CWECE_r2": 0.008490869249113495,
  "ECE_r2": 0.03586677229559238,
  "tCWECE_k": 0.020105369168794348,
  "tCWECE": 0.029769229506076068,
  "SKCE": 7.069121551915462e-06
}