{
  "nll": 0.08154430240392685,
  "ECE_ew": 0.006966886110603809,
  "ECE_em": 0.006104059051722288,
  "CWECE_a": 0.0022082426585257053,
  "ACE": 0.06811831688717854,
  "CWECE_s": 0.02157842181622982,
  "KDE_ECE": 0.010410482259256556,
  "KSerror": 0.005634777261643742,
  "ECE_s_r2": 0.009147858443742172,
  "ECE_s_r1": 0.0056536806988877475,
  "MMCE": 0.004697617297279284,
  "DKDE_CE": 0.0010103347688148676,
  "dECE": 0.005978947181653026,
  "CWECE_r2": 0.01309411397169879,
  "ECE_r2": 0.01670725433409496,
  "tCWECE_k": 0.011104044078552852,
  "tCWECE": 0.013561748589198026,
  "SKCE": 2.2843101338849365e-05
}