{
  "nll": 0.9481476545333862,
  "ECE_ew": 0.018225260078907013,
  "ECE_em": 0.01775679923593998,
  "CWECE_a": 0.0018461010186001658,
  "ACE": 0.026628412023104692,
  "CWECE_s": 0.17446182668209076,
  "KDE_ECE": 0.014847146997444426,
  "KSerror": 0.01771667261123655,
  "ECE_s_r2": 0.02044445321147112,
  "ECE_s_r1": 0.01771877332031727,
  "MMCE": 0.01304292866963743,
  "DKDE_CE": 0.016475871843661987,
  "dECE": 0.016431049951910963,
  "CWECE_r2": 0.01633807001679219,
  "ECE_r2": 0.02449404472447821,
  "tCWECE_k": 0.02918064582668895,
  "tCWECE": 0.039953252748067325,
  "SKCE": 2.5346188989323005e-05
}