{
  "nll": 0.18325546383857727,
  "ECE_ew": 0.007399315945804119,
  "ECE_em": 0.0071591706946492195,
  "CWECE_a": 0.003038522321730852,
  "ACE": 0.04819504022984378,
  "CWECE_s": 0.029810193926095963,
  "KDE_ECE": 0.012219436624850822,
  "KSerror": 0.0031791553020477092,
  "ECE_s_r2": 0.005002157843133397,
  "ECE_s_r1": 0.003397342872619613,
  "MMCE": 0.0036118597710679983,
  "DKDE_CE": 0.0010567300788485083,
  "dECE": 0.006635873969644308,
  "CWECE_r2": 0.015344292748418703,
  "ECE_r2": 0.015896404344554957,
  "tCWECE_k": 0.0160185487651271,
  "tCWECE": 0.021011380685215113,
  "SKCE": 1.7411572530023468e-05
}