{
  "nll": 0.20784497261047363,
  "ECE_ew": 0.012033852748572826,
  "ECE_em": 0.011014271527528763,
  "CWECE_a": 0.0039392756298184395,
  "ACE": 0.05791294267591709,
  "CWECE_s": 0.0385439433157444,
  "KDE_ECE": 0.01397296277379986,
  "KSerror": 0.010275800514221167,
  "ECE_s_r2": 0.018442417691247572,
  "ECE_s_r1": 0.010676277506351469,
  "MMCE": 0.009010927610754067,
  "DKDE_CE": 0.0014925747135890938,
  "dECE": 0.010172446031868457,
  "CWECE_r2": 0.01992900830136441,
  "ECE_r2": 0.02652386238175457,
  "tCWECE_k": 0.02132222331773479,
  "tCWECE": 0.027682145715706753,
  "SKCE": 2.1440019591135326e-05
}