{
  "nll": 0.649254560470581,
  "ECE_ew": 0.025011461228132248,
  "ECE_em": 0.023842521011829376,
  "CWECE_a": 0.0014113510260358453,
  "ACE": 0.03469942483487919,
  "CWECE_s": 0.2730945646762848,
  "KDE_ECE": 0.020963514123482883,
  "KSerror": 0.023481620484916754,
  "ECE_s_r2": 0.02914092315335156,
  "ECE_s_r1": 0.023480823969663073,
  "MMCE": 0.019623668671430342,
  "DKDE_CE": 0.017361014065101387,
  "dECE": 0.02122832288344701,
  "CWECE_r2": 0.018968714074992097,
  "ECE_r2": 0.03433484711390181,
  "tCWECE_k": 0.05569102582015034,
  "tCWECE": 0.07319794762118666,
  "SKCE": 7.3147187733733e-05
}