{
  "nll": 0.7581889629364014,
  "ECE_ew": 0.038931705057621,
  "ECE_em": 0.03892917186021805,
  "CWECE_a": 0.00027182273333892226,
  "ACE": 0.06067211758433095,
  "CWECE_s": 0.2643345296382904,
  "KDE_ECE": 0.037333254413243006,
  "KSerror": 0.03894716903686524,
  "ECE_s_r2": 0.052798124400383124,
  "ECE_s_r1": 0.03893171602964402,
  "MMCE": 0.03129922523002766,
  "DKDE_CE": 0.022540459085584188,
  "dECE": 0.038685818980932235,
  "CWECE_r2": 0.008061754407868481,
  "ECE_r2": 0.052640819245073925,
  "tCWECE_k": 0.030312790658200355,
  "tCWECE": 0.045992258501775,
  "SKCE": 6.326880804176957e-06
}