{
  "nll": 0.2238963097333908,
  "ECE_ew": 0.011369285173714161,
  "ECE_em": 0.01129724271595478,
  "CWECE_a": 0.0038330722600221634,
  "ACE": 0.05468366853883664,
  "CWECE_s": 0.03814837709069252,
  "KDE_ECE": 0.014126906988649457,
  "KSerror": 0.011188994598388624,
  "ECE_s_r2": 0.01797656339092853,
  "ECE_s_r1": 0.011165367412567129,
  "MMCE": 0.009080888671407661,
  "DKDE_CE": 0.0013976860477432742,
  "dECE": 0.011086805953085418,
  "CWECE_r2": 0.01676744090956695,
  "ECE_r2": 0.020549246216064302,
  "tCWECE_k": 0.018691752724274528,
  "tCWECE": 0.024992697822799587,
  "SKCE": 2.3277927361719118e-05
}