{
  "nll": 0.7411543726921082,
  "ECE_ew": 0.04270597919821739,
  "ECE_em": 0.04639996960759163,
  "CWECE_a": 0.0002449454041197896,
  "ACE": 0.08937565854250162,
  "CWECE_s": 0.2416101098060608,
  "KDE_ECE": 0.04327359202753625,
  "KSerror": 0.0443783181476593,
  "ECE_s_r2": 0.07069265378482213,
  "ECE_s_r1": 0.046589950380325325,
  "MMCE": 0.03512861796313655,
  "DKDE_CE": 0.025542627839903388,
  "dECE": 0.0460814793419838,
  "CWECE_r2": 0.0075086352070633765,
  "ECE_r2": 0.06977473107850142,
  "tCWECE_k": 0.03673215863585085,
  "tCWECE": 0.053556141060934155,
  "SKCE": 5.002917830870883e-06
}