{
  "nll": 0.39915451407432556,
  "ECE_ew": 0.026318717747926712,
  "ECE_em": 0.025054704397916794,
  "CWECE_a": 0.0008570132195018232,
  "ACE": 0.06716637484124423,
  "CWECE_s": 0.16264323890209198,
  "KDE_ECE": 0.01835235521492232,
  "KSerror": 0.02509671390353152,
  "ECE_s_r2": 0.03150955772991012,
  "ECE_s_r1": 0.02509131962387125,
  "MMCE": 0.02167866762453644,
  "DKDE_CE": 0.011151169085321828,
  "dECE": 0.02445609892408053,
  "CWECE_r2": 0.013809197238257015,
  "ECE_r2": 0.03561806613546034,
  "tCWECE_k": 0.05936532057405011,
  "tCWECE": 0.0744696467195833,
  "SKCE": 2.2069331341451843e-05
}