{
  "nll": 1.0956634283065796,
  "ECE_ew": 0.027276303619146347,
  "ECE_em": 0.02547791600227356,
  "CWECE_a": 0.001972918165847659,
  "ACE": 0.03293196631950897,
  "CWECE_s": 0.18768399953842163,
  "KDE_ECE": 0.022786441298173636,
  "KSerror": 0.02394973573684689,
  "ECE_s_r2": 0.03121149912393893,
  "ECE_s_r1": 0.02504817356169223,
  "MMCE": 0.019538944484349712,
  "DKDE_CE": 0.020451789590840614,
  "dECE": 0.023942223671078684,
  "CWECE_r2": 0.017316566210587806,
  "ECE_r2": 0.03229187540242525,
  "tCWECE_k": 0.029492604490232926,
  "tCWECE": 0.03869001085391835,
  "SKCE": 3.516789627915487e-05
}