{
  "nll": 0.9071159958839417,
  "ECE_ew": 0.02767663076519966,
  "ECE_em": 0.025855248793959618,
  "CWECE_a": 0.0003029436629731208,
  "ACE": 0.0253368069781318,
  "CWECE_s": 0.29481393098831177,
  "KDE_ECE": 0.022352180740194655,
  "KSerror": 0.02572666896820064,
  "ECE_s_r2": 0.03237160716419498,
  "ECE_s_r1": 0.025907835669517522,
  "MMCE": 0.0221672167851537,
  "DKDE_CE": 0.024466954389273928,
  "dECE": 0.024637441021800044,
  "CWECE_r2": 0.008439889877143081,
  "ECE_r2": 0.032171725788996346,
  "tCWECE_k": 0.0196040460700682,
  "tCWECE": 0.029546765780629328,
  "SKCE": 6.629301143741035e-06
}