{
  "nll": 0.6156653165817261,
  "ECE_ew": 0.03612738847732544,
  "ECE_em": 0.02832105942070484,
  "CWECE_a": 0.001197144971229136,
  "ACE": 0.0978691254468291,
  "CWECE_s": 0.23216313123703003,
  "KDE_ECE": 0.025862364031353956,
  "KSerror": 0.02798111032608419,
  "ECE_s_r2": 0.037583769147333315,
  "ECE_s_r1": 0.028351742150580273,
  "MMCE": 0.024822708612125755,
  "DKDE_CE": 0.017811745052150916,
  "dECE": 0.024977864602418014,
  "CWECE_r2": 0.01621708420988345,
  "ECE_r2": 0.05077609383015548,
  "tCWECE_k": 0.05745236940577206,
  "tCWECE": 0.07344861040731938,
  "SKCE": 2.885556580517156e-05
}