{
  "nll": 1.0602866411209106,
  "ECE_ew": 0.016056852415204048,
  "ECE_em": 0.010630512610077858,
  "CWECE_a": 0.0019202637486159801,
  "ACE": 0.02525505215305925,
  "CWECE_s": 0.18558767437934875,
  "KDE_ECE": 0.013324832375291017,
  "KSerror": 0.00991816053390504,
  "ECE_s_r2": 0.02030705971977027,
  "ECE_s_r1": 0.014958432286977762,
  "MMCE": 0.007788387477019072,
  "DKDE_CE": 0.024835633180554234,
  "dECE": 0.006778343193233012,
  "CWECE_r2": 0.016503990840718127,
  "ECE_r2": 0.020868925866254297,
  "tCWECE_k": 0.027640734273853527,
  "tCWECE": 0.03687683808552401,
  "SKCE": 2.847978507551912e-05
}