{
  "nll": 0.7467614412307739,
  "ECE_ew": 0.07137969136238098,
  "ECE_em": 0.06990757584571838,
  "CWECE_a": 0.0012460846919566393,
  "ACE": 0.14957392756309482,
  "CWECE_s": 0.24900493025779724,
  "dECE": 0.06946621836774877,
  "KDE_ECE": 0.06128964760049905,
  "CWECE_r2": 0.015302472340389037,
  "ECE_r2": 0.08613205781578669,
  "KSerror": 0.06961297396342836,
  "ECE_s_r2": 0.09074471754956125,
  "ECE_s_r1": 0.06960864833687598,
  "MMCE": 0.06100590960709956,
  "tCWECE_k": 0.07954781457430243,
  "tCWECE": 0.09760265317879754,
  "SKCE": 5.767423463303257e-05,
  "DKDE_CE": 0.022913842926908356
}