{
  "nll": 0.08542278409004211,
  "ECE_ew": 0.0086220009252429,
  "ECE_em": 0.008433498442173004,
  "CWECE_a": 0.001980700297281146,
  "ACE": 0.10376186168322164,
  "CWECE_s": 0.019403403624892235,
  "dECE": 0.00841755633652852,
  "KDE_ECE": 0.00738024632176806,
  "CWECE_r2": 0.012964065048227617,
  "ECE_r2": 0.02258844915999056,
  "KSerror": 0.008527995218289841,
  "ECE_s_r2": 0.013158510174828483,
  "ECE_s_r1": 0.008440149502660421,
  "MMCE": 0.007361613632872046,
  "tCWECE_k": 0.011293005437624614,
  "tCWECE": 0.013307152464216269,
  "SKCE": 6.001404684535909e-06,
  "DKDE_CE": 0.0007106196306783665
}