{
  "nll": 1.078169822692871,
  "ECE_ew": 0.036571502685546875,
  "ECE_em": 0.03380989283323288,
  "CWECE_a": 0.0019190572202205658,
  "ACE": 0.04246976818377228,
  "CWECE_s": 0.18609444797039032,
  "KDE_ECE": 0.029807613180895205,
  "KSerror": 0.033252421951293964,
  "ECE_s_r2": 0.04386761698871708,
  "ECE_s_r1": 0.03459180397540331,
  "MMCE": 0.026947911271098544,
  "DKDE_CE": 0.020821840787436777,
  "dECE": 0.03255666225254536,
  "CWECE_r2": 0.01689006088843,
  "ECE_r2": 0.0435755775311564,
  "tCWECE_k": 0.030995119670403266,
  "tCWECE": 0.039921583405977526,
  "SKCE": 3.600197847502177e-05
}