{
  "nll": 0.3249281644821167,
  "ECE_ew": 0.019251517951488495,
  "ECE_em": 0.01936706341803074,
  "CWECE_a": 0.0008824296528473496,
  "ACE": 0.04936377272071658,
  "CWECE_s": 0.1681099683046341,
  "KDE_ECE": 0.01767314082457454,
  "KSerror": 0.016793625271735446,
  "ECE_s_r2": 0.019908654993706674,
  "ECE_s_r1": 0.016789709038995404,
  "MMCE": 0.015223986162283524,
  "DKDE_CE": 0.011077297423302013,
  "dECE": 0.017735129718979198,
  "CWECE_r2": 0.014830268967511,
  "ECE_r2": 0.029083427590548425,
  "tCWECE_k": 0.0539649207399067,
  "tCWECE": 0.07238880906193224,
  "SKCE": 1.0097362644242516e-05
}