{
  "nll": 1.0515661239624023,
  "ECE_ew": 0.020734215155243874,
  "ECE_em": 0.02045419253408909,
  "CWECE_a": 0.0019294761586934328,
  "ACE": 0.02708192086732747,
  "CWECE_s": 0.18582305312156677,
  "KDE_ECE": 0.018474897809152624,
  "KSerror": 0.0193728443145752,
  "ECE_s_r2": 0.02671662255279059,
  "ECE_s_r1": 0.020711609134078025,
  "MMCE": 0.014796456237474567,
  "DKDE_CE": 0.024628705336468944,
  "dECE": 0.018764757129549982,
  "CWECE_r2": 0.01653967061045416,
  "ECE_r2": 0.026781332596689668,
  "tCWECE_k": 0.028271730439455217,
  "tCWECE": 0.0387033926601218,
  "SKCE": 2.493562237329842e-05
}