{
  "nll": 0.9512435793876648,
  "ECE_ew": 0.018045788630843163,
  "ECE_em": 0.017649220302700996,
  "CWECE_a": 0.0018241682555526495,
  "ACE": 0.022415812974068645,
  "CWECE_s": 0.17854924499988556,
  "KDE_ECE": 0.014794931093079467,
  "KSerror": 0.017746098041534375,
  "ECE_s_r2": 0.020582793979924713,
  "ECE_s_r1": 0.017656589220464237,
  "MMCE": 0.013491897887019084,
  "DKDE_CE": 0.01692486482821048,
  "dECE": 0.01624343113005161,
  "CWECE_r2": 0.01621312231054212,
  "ECE_r2": 0.02153347548894785,
  "tCWECE_k": 0.030152882251943475,
  "tCWECE": 0.04017145007464751,
  "SKCE": 3.307552769787644e-05
}