{
  "nll": 0.5967180728912354,
  "ECE_ew": 0.024290720000863075,
  "ECE_em": 0.021979868412017822,
  "CWECE_a": 0.0013650311157107353,
  "ACE": 0.03900576748442926,
  "CWECE_s": 0.26033106446266174,
  "KDE_ECE": 0.015343219619299093,
  "KSerror": 0.021712086627732496,
  "ECE_s_r2": 0.024559971008457207,
  "ECE_s_r1": 0.02171086774240088,
  "MMCE": 0.018507348994240176,
  "DKDE_CE": 0.01678613396834417,
  "dECE": 0.019244494413336123,
  "CWECE_r2": 0.01837976619478143,
  "ECE_r2": 0.029202049569499827,
  "tCWECE_k": 0.05061281310828213,
  "tCWECE": 0.06937659181547899,
  "SKCE": 4.2136448964356446e-05
}