{
  "nll": 0.08107839524745941,
  "ECE_ew": 0.006288641132414341,
  "ECE_em": 0.006094599608331919,
  "CWECE_a": 0.0021217134781181812,
  "ACE": 0.07096311032297369,
  "CWECE_s": 0.021531403064727783,
  "KDE_ECE": 0.010021932993106403,
  "KSerror": 0.0057959579293098695,
  "ECE_s_r2": 0.009357165506487972,
  "ECE_s_r1": 0.005807693495879396,
  "MMCE": 0.0048077584226265055,
  "DKDE_CE": 0.001007821315316549,
  "dECE": 0.005954188119549108,
  "CWECE_r2": 0.012123807759111678,
  "ECE_r2": 0.015689608949279288,
  "tCWECE_k": 0.009945314427532898,
  "tCWECE": 0.012696406763797735,
  "SKCE": 2.030341075747007e-05
}