{
  "nll": 0.9098790884017944,
  "ECE_ew": 0.03784322366118431,
  "ECE_em": 0.037345338612794876,
  "CWECE_a": 0.00029984491993673146,
  "ACE": 0.0386656746571034,
  "CWECE_s": 0.29059579968452454,
  "KDE_ECE": 0.03276801515330885,
  "KSerror": 0.0373791703033447,
  "ECE_s_r2": 0.04451690434931971,
  "ECE_s_r1": 0.03734666963994504,
  "MMCE": 0.030508136619597073,
  "DKDE_CE": 0.024778284366700886,
  "dECE": 0.03720890081286429,
  "CWECE_r2": 0.008457370323063831,
  "ECE_r2": 0.04416932895305228,
  "tCWECE_k": 0.021325484232832276,
  "tCWECE": 0.031839234000631406,
  "SKCE": 6.330270416248324e-06
}