{
  "nll": 0.7396624088287354,
  "ECE_ew": 0.03986522555351257,
  "ECE_em": 0.04015389829874039,
  "CWECE_a": 0.00024200347252190113,
  "ACE": 0.07351536605034674,
  "CWECE_s": 0.23799477517604828,
  "KDE_ECE": 0.037865186310676466,
  "KSerror": 0.034404093780517564,
  "ECE_s_r2": 0.05809187309196616,
  "ECE_s_r1": 0.04041703871965409,
  "MMCE": 0.023985100583487243,
  "DKDE_CE": 0.028813281512834427,
  "dECE": 0.03987460053443907,
  "CWECE_r2": 0.007419906125620608,
  "ECE_r2": 0.056960263205069625,
  "tCWECE_k": 0.032263926277970326,
  "tCWECE": 0.048364842093427264,
  "SKCE": 3.833504785913104e-06
}