{
  "nll": 0.22375445067882538,
  "ECE_ew": 0.010750852525234222,
  "ECE_em": 0.009919242933392525,
  "CWECE_a": 0.0038268386851996183,
  "ACE": 0.03904239800472305,
  "CWECE_s": 0.03733714669942856,
  "KDE_ECE": 0.013107621644084721,
  "KSerror": 0.009804961395263656,
  "ECE_s_r2": 0.014742174844189465,
  "ECE_s_r1": 0.009783139419555666,
  "MMCE": 0.008150618565962494,
  "DKDE_CE": 0.0013658179188010876,
  "dECE": 0.009453462308645251,
  "CWECE_r2": 0.016284619891059164,
  "ECE_r2": 0.017744395863456646,
  "tCWECE_k": 0.01845807087115125,
  "tCWECE": 0.02449621186107576,
  "SKCE": 1.4906028658470114e-05
}