{
  "nll": 0.9463526010513306,
  "ECE_ew": 0.038862839341163635,
  "ECE_em": 0.03907035291194916,
  "CWECE_a": 0.00030499574495479465,
  "ACE": 0.038906967846279145,
  "CWECE_s": 0.29901760816574097,
  "KDE_ECE": 0.03398064314226488,
  "KSerror": 0.0371084621620178,
  "ECE_s_r2": 0.045796399888703015,
  "ECE_s_r1": 0.039126116862297056,
  "MMCE": 0.030649448608417087,
  "DKDE_CE": 0.02556260540594947,
  "dECE": 0.03901779628872869,
  "CWECE_r2": 0.008464342246071158,
  "ECE_r2": 0.044309822561845576,
  "tCWECE_k": 0.021067552061153665,
  "tCWECE": 0.031027782594501715,
  "SKCE": 6.357561152457943e-06
}