{
  "nll": 0.1819118708372116,
  "ECE_ew": 0.007927256636321545,
  "ECE_em": 0.006971088238060474,
  "CWECE_a": 0.0031460518948733807,
  "ACE": 0.06550240163683677,
  "CWECE_s": 0.028920985758304596,
  "KDE_ECE": 0.012624458328881616,
  "KSerror": 0.0027677945613860944,
  "ECE_s_r2": 0.0034466284394279218,
  "ECE_s_r1": 0.002474837994575485,
  "MMCE": 0.0037297459214632673,
  "DKDE_CE": 0.0011435174141866736,
  "dECE": 0.005972144542634488,
  "CWECE_r2": 0.01653558555556308,
  "ECE_r2": 0.01738587420518984,
  "tCWECE_k": 0.017211358272245788,
  "tCWECE": 0.021931461863810085,
  "SKCE": 1.1439150393313542e-05
}