{
  "nll": 0.2051188051700592,
  "ECE_ew": 0.011342392303049564,
  "ECE_em": 0.010862711817026138,
  "CWECE_a": 0.0037281352560967207,
  "ACE": 0.03960037329583676,
  "CWECE_s": 0.038397207856178284,
  "KDE_ECE": 0.012697688120574509,
  "KSerror": 0.010672276496887179,
  "ECE_s_r2": 0.017845805813656555,
  "ECE_s_r1": 0.010616381072998027,
  "MMCE": 0.009215885148074492,
  "DKDE_CE": 0.0015712955561991823,
  "dECE": 0.009989139412343504,
  "CWECE_r2": 0.018370906722649186,
  "ECE_r2": 0.021850456619097836,
  "tCWECE_k": 0.02051098569851896,
  "tCWECE": 0.024959713465710777,
  "SKCE": 1.9624007508948013e-05
}