{
  "nll": 0.7514739632606506,
  "ECE_ew": 0.017986873164772987,
  "ECE_em": 0.018008586019277573,
  "CWECE_a": 0.00027000546106137335,
  "ACE": 0.02763095601234514,
  "CWECE_s": 0.263611376285553,
  "KDE_ECE": 0.01890269276837242,
  "KSerror": 0.016047970666885403,
  "ECE_s_r2": 0.026108295584846352,
  "ECE_s_r1": 0.018605618827342987,
  "MMCE": 0.01127615127159972,
  "DKDE_CE": 0.02441654898852702,
  "dECE": 0.01728346591114998,
  "CWECE_r2": 0.007937861028102733,
  "ECE_r2": 0.025323534141381197,
  "tCWECE_k": 0.02341829093515296,
  "tCWECE": 0.03673896451193853,
  "SKCE": 4.758558547528397e-06
}