{
  "nll": 0.6132805943489075,
  "ECE_ew": 0.05031514912843704,
  "ECE_em": 0.04385502636432648,
  "CWECE_a": 0.0011659968877211213,
  "ACE": 0.11166578601254841,
  "CWECE_s": 0.22949673235416412,
  "KDE_ECE": 0.04059901728996337,
  "KSerror": 0.04353142603537441,
  "ECE_s_r2": 0.05454310928162359,
  "ECE_s_r1": 0.04352674831552343,
  "MMCE": 0.03790709459335272,
  "DKDE_CE": 0.019260761822656524,
  "dECE": 0.04302790344872473,
  "CWECE_r2": 0.015553129047469067,
  "ECE_r2": 0.06623300748984767,
  "tCWECE_k": 0.06070690711336166,
  "tCWECE": 0.07656223400291029,
  "SKCE": 3.572114967742651e-05
}