{
  "nll": 0.29786384105682373,
  "ECE_ew": 0.02227829024195671,
  "ECE_em": 0.02103377692401409,
  "CWECE_a": 0.0008299974142573774,
  "ACE": 0.06859242848169625,
  "CWECE_s": 0.15969379246234894,
  "KDE_ECE": 0.01769291771084416,
  "KSerror": 0.017295995636365857,
  "ECE_s_r2": 0.020598917543949616,
  "ECE_s_r1": 0.017290802203600665,
  "MMCE": 0.016766314692939602,
  "DKDE_CE": 0.010290050208972187,
  "dECE": 0.01999050863087177,
  "CWECE_r2": 0.01407813687263068,
  "ECE_r2": 0.03233818357283569,
  "tCWECE_k": 0.05559909410504233,
  "tCWECE": 0.07344091241199728,
  "SKCE": 1.0000865255973193e-05
}