{
  "nll": 0.587945818901062,
  "ECE_ew": 0.035380005836486816,
  "ECE_em": 0.03374415636062622,
  "CWECE_a": 0.0014824069803580642,
  "ACE": 0.07186254340429009,
  "CWECE_s": 0.28423842787742615,
  "dECE": 0.032778846720854474,
  "KDE_ECE": 0.03478105768910737,
  "CWECE_r2": 0.018696459827743057,
  "ECE_r2": 0.05694630503906566,
  "KSerror": 0.027794182967783798,
  "ECE_s_r2": 0.04663567892968437,
  "ECE_s_r1": 0.033810712189520184,
  "MMCE": 0.018996615486912727,
  "tCWECE_k": 0.03990107088772066,
  "tCWECE": 0.054493220230568885,
  "SKCE": 3.0827026712059934e-05,
  "DKDE_CE": 0.016787620710424406
}