{
  "nll": 1.057075023651123,
  "ECE_ew": 0.010883764363825321,
  "ECE_em": 0.007351378444582224,
  "CWECE_a": 0.001959477784112096,
  "ACE": 0.01382754031077782,
  "CWECE_s": 0.18639397621154785,
  "dECE": 0.0018210960462689395,
  "KDE_ECE": 0.010090864666636369,
  "CWECE_r2": 0.016178737394717046,
  "ECE_r2": 0.014014261240253607,
  "KSerror": 0.0038524308562278703,
  "ECE_s_r2": 0.009714910079384824,
  "ECE_s_r1": 0.007211681772768494,
  "MMCE": 0.0019625715303444994,
  "tCWECE_k": 0.026946085826392584,
  "tCWECE": 0.034598133692408044,
  "SKCE": 3.734344053031921e-05,
  "DKDE_CE": 0.024303222280999463
}