{
  "nll": 0.19141705334186554,
  "ECE_ew": 0.00791282206773758,
  "ECE_em": 0.006549907382577658,
  "CWECE_a": 0.005044566001743078,
  "ACE": 0.04211445290609487,
  "CWECE_s": 0.047993969172239304,
  "dECE": 0.005888494805991651,
  "KDE_ECE": 0.011370280833602885,
  "CWECE_r2": 0.02283686290827939,
  "ECE_r2": 0.019340646503349716,
  "KSerror": 0.0038750693798065144,
  "ECE_s_r2": 0.0054187718851789295,
  "ECE_s_r1": 0.003591700100898737,
  "MMCE": 0.002675213329329434,
  "tCWECE_k": 0.029766866437152217,
  "tCWECE": 0.033580048889057565,
  "SKCE": 0.00011333017402078636,
  "DKDE_CE": 0.0011255562304012502
}