{
  "nll": 0.5651092529296875,
  "ECE_ew": 0.03181426227092743,
  "ECE_em": 0.02910660393536091,
  "CWECE_a": 0.0013557678321376443,
  "ACE": 0.1263086762519679,
  "CWECE_s": 0.26812079548835754,
  "dECE": 0.02458444767633841,
  "KDE_ECE": 0.02781775770981467,
  "CWECE_r2": 0.016940815248725323,
  "ECE_r2": 0.0576129799869435,
  "KSerror": 0.02017457302805059,
  "ECE_s_r2": 0.04490664188283284,
  "ECE_s_r1": 0.027802564849267554,
  "MMCE": 0.015573907110647978,
  "tCWECE_k": 0.04160251459526918,
  "tCWECE": 0.054440446777523376,
  "SKCE": 3.0288156302966255e-05,
  "DKDE_CE": 0.018380754076226864
}