{
  "nll": 0.3187049627304077,
  "ECE_ew": 0.014883112162351608,
  "ECE_em": 0.016037892550230026,
  "CWECE_a": 0.0009905073093250394,
  "ACE": 0.06472547154177408,
  "CWECE_s": 0.19147691130638123,
  "dECE": 0.01355214267969132,
  "KDE_ECE": 0.018937860312235127,
  "CWECE_r2": 0.015358764628653807,
  "ECE_r2": 0.03145280663928803,
  "KSerror": 0.011861825997556641,
  "ECE_s_r2": 0.021234016305940132,
  "ECE_s_r1": 0.015424726050884572,
  "MMCE": 0.007355115439007121,
  "tCWECE_k": 0.04442722212587039,
  "tCWECE": 0.06179942909926824,
  "SKCE": 1.0038525669525762e-05,
  "DKDE_CE": 0.011158525529002657
}