{
  "nll": 0.20910324156284332,
  "ECE_ew": 0.00550650293007493,
  "ECE_em": 0.005577495321631432,
  "CWECE_a": 0.004317955579608679,
  "ACE": 0.0510895243669423,
  "CWECE_s": 0.04291819781064987,
  "dECE": 0.003440267790108916,
  "KDE_ECE": 0.01101507854993511,
  "CWECE_r2": 0.016565417980767383,
  "ECE_r2": 0.017831026702200835,
  "KSerror": 0.0024218229413032477,
  "ECE_s_r2": 0.005769539143392961,
  "ECE_s_r1": 0.0030043913602828963,
  "MMCE": 0.002280523883797386,
  "tCWECE_k": 0.023159948564845007,
  "tCWECE": 0.027584417480459013,
  "SKCE": 2.0404512696648956e-05,
  "DKDE_CE": 0.0015230408690463948
}