{
  "nll": 0.08976506441831589,
  "ECE_ew": 0.022642942145466805,
  "ECE_em": 0.02240041084587574,
  "CWECE_a": 0.004965989850461483,
  "ACE": 0.09094460700961818,
  "CWECE_s": 0.049349334090948105,
  "dECE": 0.022342112060743907,
  "KDE_ECE": 0.02392205957662607,
  "CWECE_r2": 0.014059136558952143,
  "ECE_r2": 0.032755523286101866,
  "KSerror": 0.022427625024545872,
  "ECE_s_r2": 0.03267356011818604,
  "ECE_s_r1": 0.02237372360001626,
  "MMCE": 0.01974677544206289,
  "tCWECE_k": 0.023574701066959212,
  "tCWECE": 0.02624593110115102,
  "SKCE": 4.9289477534019016e-05,
  "DKDE_CE": 0.0017575635191773153
}