{
  "nll": 0.9420737624168396,
  "ECE_ew": 0.020651210099458694,
  "ECE_em": 0.02036026306450367,
  "CWECE_a": 0.0003142023633699864,
  "ACE": 0.02247037192908238,
  "CWECE_s": 0.30876803398132324,
  "dECE": 0.019814066486954697,
  "KDE_ECE": 0.016804797648334605,
  "CWECE_r2": 0.008455295154319075,
  "ECE_r2": 0.02327374247318827,
  "KSerror": 0.008317998428344686,
  "ECE_s_r2": 0.02379785121953521,
  "ECE_s_r1": 0.021259513477683067,
  "MMCE": 0.012274776983717463,
  "tCWECE_k": 0.014376235180851946,
  "tCWECE": 0.021132214042015866,
  "SKCE": 8.018007421027392e-06,
  "DKDE_CE": 0.026260590413641788
}