{
  "nll": 0.22376565635204315,
  "ECE_ew": 0.006252557970583439,
  "ECE_em": 0.0032671864610165358,
  "CWECE_a": 0.003727000905200839,
  "ACE": 0.03139464389973704,
  "CWECE_s": 0.03580526262521744,
  "dECE": 0.000802617258578539,
  "KDE_ECE": 0.009890683433383349,
  "CWECE_r2": 0.016194326747874344,
  "ECE_r2": 0.01254634156634587,
  "KSerror": 0.0026881850242614913,
  "ECE_s_r2": 0.004204966472019087,
  "ECE_s_r1": 0.002931703758239745,
  "MMCE": 0.002035661600525851,
  "tCWECE_k": 0.01695157059029085,
  "tCWECE": 0.02305674590643726,
  "SKCE": 2.675788303371224e-05,
  "DKDE_CE": 0.0013485588304554656
}