{
  "nll": 0.9445577263832092,
  "ECE_ew": 0.015009475871920586,
  "ECE_em": 0.014721640385687351,
  "CWECE_a": 0.0018770067254081368,
  "ACE": 0.018315904758134476,
  "CWECE_s": 0.18579719960689545,
  "dECE": 0.012337078145146375,
  "KDE_ECE": 0.011151320328145087,
  "CWECE_r2": 0.016204114069766837,
  "ECE_r2": 0.01639039259898761,
  "KSerror": 0.011807451629638699,
  "ECE_s_r2": 0.01627836897142761,
  "ECE_s_r1": 0.013558661408722398,
  "MMCE": 0.009383902023545429,
  "tCWECE_k": 0.02970113157320438,
  "tCWECE": 0.037457154014068336,
  "SKCE": 4.6530307008032166e-05,
  "DKDE_CE": 0.016932067766689915
}