{
  "nll": 1.0914400815963745,
  "ECE_ew": 0.018959810957312584,
  "ECE_em": 0.02018137462437153,
  "CWECE_a": 0.002076407428830862,
  "ACE": 0.02677628551001989,
  "CWECE_s": 0.20209935307502747,
  "dECE": 0.019128185915946963,
  "KDE_ECE": 0.015014675226528065,
  "CWECE_r2": 0.016380315322134825,
  "ECE_r2": 0.022007026136666268,
  "KSerror": 0.007728298473358208,
  "ECE_s_r2": 0.017605915096760526,
  "ECE_s_r1": 0.015191262632608407,
  "MMCE": 0.009097813203079353,
  "tCWECE_k": 0.02722563623958621,
  "tCWECE": 0.03378331033760596,
  "SKCE": 1.804415548498323e-05,
  "DKDE_CE": 0.021770564671581127
}