{
  "nll": 0.7672398686408997,
  "ECE_ew": 0.036788880825042725,
  "ECE_em": 0.038296978920698166,
  "CWECE_a": 0.00027317609055899084,
  "ACE": 0.04057797979912604,
  "CWECE_s": 0.26669827103614807,
  "dECE": 0.038253404984474174,
  "KDE_ECE": 0.03770934348624242,
  "CWECE_r2": 0.007535828063621863,
  "ECE_r2": 0.04190001624335962,
  "KSerror": 0.013946430435180651,
  "ECE_s_r2": 0.04118339414637891,
  "ECE_s_r1": 0.03689320137262343,
  "MMCE": 0.01851816743093117,
  "tCWECE_k": 0.025641008238202787,
  "tCWECE": 0.038628127179555126,
  "SKCE": 5.025473099010918e-06,
  "DKDE_CE": 0.04871887036146818
}