{
  "nll": 0.9094839096069336,
  "ECE_ew": 0.019233081489801407,
  "ECE_em": 0.018991723656654358,
  "CWECE_a": 0.0003102381306234747,
  "ACE": 0.02474929574157522,
  "CWECE_s": 0.30421316623687744,
  "dECE": 0.018140016462802888,
  "KDE_ECE": 0.015260442315634646,
  "CWECE_r2": 0.008416150949850494,
  "ECE_r2": 0.023475780992405652,
  "KSerror": 0.00871263233661651,
  "ECE_s_r2": 0.022340873962267815,
  "ECE_s_r1": 0.018698290956020346,
  "MMCE": 0.009706348759961183,
  "tCWECE_k": 0.014319235636104466,
  "tCWECE": 0.02087402150549712,
  "SKCE": 8.29760378396552e-06,
  "DKDE_CE": 0.025376234640384587
}