{
  "nll": 0.7719022631645203,
  "ECE_ew": 0.016416488215327263,
  "ECE_em": 0.016768744215369225,
  "CWECE_a": 0.00029244530014693737,
  "ACE": 0.0181634200999758,
  "CWECE_s": 0.2878255248069763,
  "dECE": 0.01577079860985279,
  "KDE_ECE": 0.017245145959591115,
  "CWECE_r2": 0.007975067893819129,
  "ECE_r2": 0.018403636540755403,
  "KSerror": 0.010928382949829119,
  "ECE_s_r2": 0.01866884968029341,
  "ECE_s_r1": 0.017153864549398403,
  "MMCE": 0.01059963560694423,
  "tCWECE_k": 0.019610339054543215,
  "tCWECE": 0.029724501674633606,
  "SKCE": 5.9953806262762675e-06,
  "DKDE_CE": 0.030458968076262968
}