{
  "nll": 0.29506903886795044,
  "ECE_ew": 0.021175194531679153,
  "ECE_em": 0.024313222616910934,
  "CWECE_a": 0.0009683982352726161,
  "ACE": 0.0959884750459107,
  "CWECE_s": 0.18723225593566895,
  "dECE": 0.02298005993167561,
  "KDE_ECE": 0.02814167024849415,
  "CWECE_r2": 0.014838565505723557,
  "ECE_r2": 0.046144942077441235,
  "KSerror": 0.020955621810694824,
  "ECE_s_r2": 0.039004779475902515,
  "ECE_s_r1": 0.02284127141705792,
  "MMCE": 0.014203920878190751,
  "tCWECE_k": 0.04471541744440269,
  "tCWECE": 0.060231658253763566,
  "SKCE": 7.790395979927703e-06,
  "DKDE_CE": 0.010537076676160776
}