{
  "nll": 1.693711757659912,
  "ECE_ew": 0.1848045438528061,
  "ECE_em": 0.1847861260175705,
  "CWECE_a": 0.004171574953943491,
  "ACE": 0.24664766869687213,
  "CWECE_s": 0.4164375960826874,
  "dECE": 0.18479851956367493,
  "KDE_ECE": 0.1782347964409859,
  "CWECE_r2": 0.026405526425106775,
  "ECE_r2": 0.20911700389639107,
  "KSerror": 0.18481321315765376,
  "ECE_s_r2": 0.22839377918820905,
  "ECE_s_r1": 0.18480452268123626,
  "MMCE": 0.15266274103395366,
  "tCWECE_k": 0.11789031381593533,
  "tCWECE": 0.12994114664564343,
  "SKCE": 0.0002298162386402757,
  "DKDE_CE": 0.03131145150831572
}