{
  "nll": 0.3299262821674347,
  "ECE_ew": 0.02384619414806366,
  "ECE_em": 0.021231485530734062,
  "CWECE_a": 0.0009030196815729141,
  "ACE": 0.06687413191150539,
  "CWECE_s": 0.1735295057296753,
  "dECE": 0.02047064130504926,
  "KDE_ECE": 0.018266688027086742,
  "CWECE_r2": 0.014916340113652496,
  "ECE_r2": 0.03449331185630569,
  "KSerror": 0.021263342057887602,
  "ECE_s_r2": 0.025958410552083973,
  "ECE_s_r1": 0.021259591531990772,
  "MMCE": 0.01847679621421488,
  "tCWECE_k": 0.0568373790091403,
  "tCWECE": 0.0757183089371195,
  "SKCE": 1.4287316736702788e-05,
  "DKDE_CE": 0.011400972365890901
}