{
  "nll": 2.0182430744171143,
  "ECE_ew": 0.21156282722949982,
  "ECE_em": 0.2115422487258911,
  "CWECE_a": 0.004754095338284969,
  "ACE": 0.2737421307827429,
  "CWECE_s": 0.47026216983795166,
  "dECE": 0.2115426676452159,
  "KDE_ECE": 0.20532340702753646,
  "CWECE_r2": 0.02902551199443324,
  "ECE_r2": 0.23335624364553462,
  "KSerror": 0.21156936550140382,
  "ECE_s_r2": 0.26596471901099605,
  "ECE_s_r1": 0.2115628357976675,
  "MMCE": 0.17804287405004446,
  "tCWECE_k": 0.1530612649175103,
  "tCWECE": 0.16662495849660797,
  "SKCE": 0.00032229095951517736,
  "DKDE_CE": 0.03669200362974966
}