{
  "nll": 1.315667629367086,
  "ECE_ew": 0.017822759225964546,
  "ECE_em": 0.018536962568759918,
  "CWECE_a": 0.0019783650059252977,
  "ACE": 0.031904183977766995,
  "CWECE_s": 0.19439293444156647,
  "KDE_ECE": 0.018817052336905928,
  "KSerror": 0.01612705692716665,
  "ECE_s_r2": 0.023443351521612005,
  "ECE_s_r1": 0.017218397703214372,
  "MMCE": 0.012617355575752913,
  "DKDE_CE": 0.022522655687476734,
  "dECE": 0.01580141301802855,
  "CWECE_r2": 0.01596070623285907,
  "ECE_r2": 0.02625752958859477,
  "tCWECE_k": 0.02694232459262372,
  "tCWECE": 0.03535189391115765,
  "SKCE": 4.052528045728572e-05
}