{
  "nll": 1.026155400685488,
  "ECE_ew": 0.008392018266022205,
  "ECE_em": 0.00893560890108347,
  "CWECE_a": 0.00032065846608020365,
  "ACE": 0.014818124694156618,
  "CWECE_s": 0.31490257382392883,
  "KDE_ECE": 0.009375300650504318,
  "KSerror": 0.008011329465090755,
  "ECE_s_r2": 0.013158927165202098,
  "ECE_s_r1": 0.009579027390730886,
  "MMCE": 0.006321783290596128,
  "DKDE_CE": 0.027939216986068903,
  "dECE": 0.007154021712865808,
  "CWECE_r2": 0.008458337990317791,
  "ECE_r2": 0.013064163248087254,
  "tCWECE_k": 0.01489020791473816,
  "tCWECE": 0.022075314757849403,
  "SKCE": 7.824481012167505e-06
}