{
  "nll": 0.2588164468444547,
  "ECE_ew": 0.008969657123088837,
  "ECE_em": 0.011541223153471947,
  "CWECE_a": 0.00515473447740078,
  "ACE": 0.06973715124058431,
  "CWECE_s": 0.0504438579082489,
  "KDE_ECE": 0.013782244624510862,
  "KSerror": 0.008157710152703557,
  "ECE_s_r2": 0.012404973260037007,
  "ECE_s_r1": 0.008925129463361693,
  "MMCE": 0.005537018099957236,
  "DKDE_CE": 0.0008541769759852427,
  "dECE": 0.01066037346824045,
  "CWECE_r2": 0.023100024687861903,
  "ECE_r2": 0.02487805173960923,
  "tCWECE_k": 0.03053071568890046,
  "tCWECE": 0.034327958182579846,
  "SKCE": 0.00012073816915186199
}