{
  "nll": 0.8261583091097435,
  "ECE_ew": 0.02001824416220188,
  "ECE_em": 0.017460821196436882,
  "CWECE_a": 0.001347237965092063,
  "ACE": 0.07399151061301912,
  "CWECE_s": 0.26878851652145386,
  "KDE_ECE": 0.018117562536921594,
  "KSerror": 0.010693405602958062,
  "ECE_s_r2": 0.015512011483025619,
  "ECE_s_r1": 0.0103377403145511,
  "MMCE": 0.007842298532528305,
  "DKDE_CE": 0.018651718920956056,
  "dECE": 0.012202113880982385,
  "CWECE_r2": 0.016945505413972953,
  "ECE_r2": 0.037881914945625504,
  "tCWECE_k": 0.048244442612007575,
  "tCWECE": 0.06336640994104918,
  "SKCE": 3.131480274222932e-05
}