{
  "nll": 0.9726259962917972,
  "ECE_ew": 0.008672667667269707,
  "ECE_em": 0.009588639251887798,
  "CWECE_a": 0.0003177744511049241,
  "ACE": 0.015649570877176576,
  "CWECE_s": 0.31050029397010803,
  "KDE_ECE": 0.010566257567624025,
  "KSerror": 0.0057928524356849476,
  "ECE_s_r2": 0.013717209543187173,
  "ECE_s_r1": 0.0094551297781872,
  "MMCE": 0.003353756529933944,
  "DKDE_CE": 0.0263955521441149,
  "dECE": 0.007747096562975498,
  "CWECE_r2": 0.008372390460791525,
  "ECE_r2": 0.012721305322227696,
  "tCWECE_k": 0.014892151975751666,
  "tCWECE": 0.02198307650713045,
  "SKCE": 8.052385826704616e-06
}