{
  "nll": 0.7687464408412793,
  "ECE_ew": 0.009206907823681831,
  "ECE_em": 0.008489963598549366,
  "CWECE_a": 0.0002599239523988217,
  "ACE": 0.027706798773222064,
  "CWECE_s": 0.25450289249420166,
  "KDE_ECE": 0.010376224976280822,
  "KSerror": 0.004000929660453373,
  "ECE_s_r2": 0.00862155391792756,
  "ECE_s_r1": 0.00783187806268787,
  "MMCE": 0.0036792852144111295,
  "DKDE_CE": 0.019125680733788168,
  "dECE": 0.0072240836820820255,
  "CWECE_r2": 0.007559772861599783,
  "ECE_r2": 0.012098171205869373,
  "tCWECE_k": 0.01784465652970492,
  "tCWECE": 0.027336698741667925,
  "SKCE": 4.485745299883712e-06
}