{
  "nll": 0.6706130888021947,
  "ECE_ew": 0.018266933038830757,
  "ECE_em": 0.02058224193751812,
  "CWECE_a": 0.0014725681394338608,
  "ACE": 0.048713429720463115,
  "CWECE_s": 0.28301578760147095,
  "KDE_ECE": 0.02240285335969232,
  "KSerror": 0.011381818362606433,
  "ECE_s_r2": 0.011954510983814025,
  "ECE_s_r1": 0.010892326651271572,
  "MMCE": 0.007761071805837092,
  "DKDE_CE": 0.018056273985213263,
  "dECE": 0.01824510441378355,
  "CWECE_r2": 0.01839720689048915,
  "ECE_r2": 0.032713877386776356,
  "tCWECE_k": 0.04220567039675362,
  "tCWECE": 0.0591306470789997,
  "SKCE": 3.006202537282493e-05
}