{
  "nll": 0.304382369487978,
  "ECE_ew": 0.015764646232128143,
  "ECE_em": 0.01716141402721405,
  "CWECE_a": 0.00446188123896718,
  "ACE": 0.08133749262952196,
  "CWECE_s": 0.04278981685638428,
  "KDE_ECE": 0.019623573339606695,
  "KSerror": 0.015867439569576702,
  "ECE_s_r2": 0.028692578630511757,
  "ECE_s_r1": 0.01608064416903099,
  "MMCE": 0.01323235226917255,
  "DKDE_CE": 0.0012037333634272777,
  "dECE": 0.01583242897864068,
  "CWECE_r2": 0.02015288944607322,
  "ECE_r2": 0.041322566036648835,
  "tCWECE_k": 0.02471837257403598,
  "tCWECE": 0.0280955193421663,
  "SKCE": 3.6031741711586444e-05
}