{
  "nll": 0.1155473069482438,
  "ECE_ew": 0.00871203187853098,
  "ECE_em": 0.008094499818980694,
  "CWECE_a": 0.0020278459414839745,
  "ACE": 0.07564098702589772,
  "CWECE_s": 0.01973126083612442,
  "KDE_ECE": 0.011719871250948916,
  "KSerror": 0.004988614087179322,
  "ECE_s_r2": 0.007341603175909773,
  "ECE_s_r1": 0.004988641881618686,
  "MMCE": 0.005347788628268619,
  "DKDE_CE": 0.0010984124111565016,
  "dECE": 0.00792072681814521,
  "CWECE_r2": 0.011708916308816805,
  "ECE_r2": 0.01545457585631802,
  "tCWECE_k": 0.011498597167020124,
  "tCWECE": 0.013936377636970063,
  "SKCE": 4.921203377327046e-06
}