{
  "nll": 0.8226691497258009,
  "ECE_ew": 0.005863321479409933,
  "ECE_em": 0.006247225217521191,
  "CWECE_a": 0.00028190246666781604,
  "ACE": 0.014424087919506908,
  "CWECE_s": 0.27788230776786804,
  "KDE_ECE": 0.00904388208635088,
  "KSerror": 0.005216216557072828,
  "ECE_s_r2": 0.005928985776803941,
  "ECE_s_r1": 0.005216216557071002,
  "MMCE": 0.004198772700586452,
  "DKDE_CE": 0.02193333172040766,
  "dECE": 0.004203248160829707,
  "CWECE_r2": 0.007977964472347079,
  "ECE_r2": 0.0073103982975516995,
  "tCWECE_k": 0.016406886779755932,
  "tCWECE": 0.02488086462444902,
  "SKCE": 5.642720919477495e-06
}