{
  "nll": 0.3239759077705931,
  "ECE_ew": 0.011915174312889576,
  "ECE_em": 0.014891382306814194,
  "CWECE_a": 0.004091221373528242,
  "ACE": 0.07947935392764814,
  "CWECE_s": 0.03934931755065918,
  "KDE_ECE": 0.017461726454715908,
  "KSerror": 0.009968693153412603,
  "ECE_s_r2": 0.02312737012337269,
  "ECE_s_r1": 0.013086909534022067,
  "MMCE": 0.007375159025544809,
  "DKDE_CE": 0.0009375729599176125,
  "dECE": 0.014405982303327725,
  "CWECE_r2": 0.018082092839011344,
  "ECE_r2": 0.030193136729963446,
  "tCWECE_k": 0.02155320946801882,
  "tCWECE": 0.026790352903842397,
  "SKCE": 2.400583802358932e-05
}