{
  "nll": 0.3787123127084535,
  "ECE_ew": 0.010194508358836174,
  "ECE_em": 0.0086937565356493,
  "CWECE_a": 0.0009446645271964371,
  "ACE": 0.04332529065815604,
  "CWECE_s": 0.1861809939146042,
  "KDE_ECE": 0.0141008267895791,
  "KSerror": 0.004344726565317258,
  "ECE_s_r2": 0.00800907054615982,
  "ECE_s_r1": 0.006183405206269624,
  "MMCE": 0.003510305239540447,
  "DKDE_CE": 0.011707858414309066,
  "dECE": 0.0044455778251374905,
  "CWECE_r2": 0.014798567700908566,
  "ECE_r2": 0.026157598622574812,
  "tCWECE_k": 0.046307610956053784,
  "tCWECE": 0.062063544608764676,
  "SKCE": 1.1281823806176907e-05
}