{
  "nll": 1.3623417661705788,
  "ECE_ew": 0.014757698401808739,
  "ECE_em": 0.01647040620446205,
  "CWECE_a": 0.0020818463526666164,
  "ACE": 0.0228092390258884,
  "CWECE_s": 0.2021401822566986,
  "KDE_ECE": 0.015260086609829446,
  "KSerror": 0.01459163480833986,
  "ECE_s_r2": 0.02230013592382488,
  "ECE_s_r1": 0.015958101341509462,
  "MMCE": 0.010071298471830917,
  "DKDE_CE": 0.015116202193873144,
  "dECE": 0.01328690376773653,
  "CWECE_r2": 0.016215382645836815,
  "ECE_r2": 0.023272383027786624,
  "tCWECE_k": 0.027270301770909278,
  "tCWECE": 0.03589792983597333,
  "SKCE": 1.859007493126873e-05
}