{
  "nll": 1.1180717020721829,
  "ECE_ew": 0.02444911003112793,
  "ECE_em": 0.026229390874505043,
  "CWECE_a": 0.0019375230185687542,
  "ACE": 0.0425893392847451,
  "CWECE_s": 0.1908504217863083,
  "KDE_ECE": 0.02705497823425032,
  "KSerror": 0.024956519829486934,
  "ECE_s_r2": 0.03837866284214535,
  "ECE_s_r1": 0.02594455763594981,
  "MMCE": 0.0196153348980435,
  "DKDE_CE": 0.015021940387576841,
  "dECE": 0.02478422021479009,
  "CWECE_r2": 0.01664480137380457,
  "ECE_r2": 0.03911377911424336,
  "tCWECE_k": 0.02976560603294144,
  "tCWECE": 0.03937378342197797,
  "SKCE": 4.763594165992441e-05
}