{
  "nll": 0.3769420299389214,
  "ECE_ew": 0.0066658202558755875,
  "ECE_em": 0.009516289457678795,
  "CWECE_a": 0.0008931832271628082,
  "ACE": 0.05199028653069628,
  "CWECE_s": 0.1740594506263733,
  "KDE_ECE": 0.011197061509988868,
  "KSerror": 0.0034140357208500283,
  "ECE_s_r2": 0.005352155690752083,
  "ECE_s_r1": 0.005004525414592864,
  "MMCE": 0.0032432194759574253,
  "DKDE_CE": 0.01119996127074165,
  "dECE": 0.006408028574944786,
  "CWECE_r2": 0.014247667948204657,
  "ECE_r2": 0.01730475501873116,
  "tCWECE_k": 0.04988985986284279,
  "tCWECE": 0.06795020968426221,
  "SKCE": 8.773631075594255e-06
}