{
  "nll": 1.6937121152877808,
  "ECE_ew": 0.18480455875396729,
  "ECE_em": 0.1847861260175705,
  "CWECE_a": 0.004171575419604778,
  "ACE": 0.24664767348930353,
  "CWECE_s": 0.416437566280365,
  "dECE": 0.18479850961565975,
  "KDE_ECE": 0.17823479592077884,
  "CWECE_r2": 0.02640552677700462,
  "ECE_r2": 0.20911700386108636,
  "KSerror": 0.18481321315765376,
  "ECE_s_r2": 0.2283937799708651,
  "ECE_s_r1": 0.1848045296907425,
  "MMCE": 0.15266274103395366,
  "tCWECE_k": 0.11775898236227586,
  "tCWECE": 0.12994114853470237,
  "SKCE": 0.00022981624642128668,
  "DKDE_CE": 0.03131157537659958
}