{
  "nll": 0.6126235723495483,
  "ECE_ew": 0.042061470448970795,
  "ECE_em": 0.036175575107336044,
  "CWECE_a": 0.0013825695496052504,
  "ACE": 0.06435551835474126,
  "CWECE_s": 0.26299768686294556,
  "dECE": 0.034054265171289455,
  "KDE_ECE": 0.03067826894170108,
  "CWECE_r2": 0.018327981436254318,
  "ECE_r2": 0.04639348586203702,
  "KSerror": 0.03620456611339129,
  "ECE_s_r2": 0.043028240815617014,
  "ECE_s_r1": 0.03620032886812343,
  "MMCE": 0.03133292763272358,
  "tCWECE_k": 0.05805084951319193,
  "tCWECE": 0.07830832745863407,
  "SKCE": 3.744661589386507e-05,
  "DKDE_CE": 0.017379761164820713
}