{
  "nll": 0.9884787797927856,
  "ECE_ew": 0.06542997062206268,
  "ECE_em": 0.06542810052633286,
  "CWECE_a": 0.00032691884553059936,
  "ACE": 0.07698849768711745,
  "CWECE_s": 0.3184586763381958,
  "dECE": 0.06543030288457874,
  "KDE_ECE": 0.059766998707047235,
  "CWECE_r2": 0.008782070420699829,
  "ECE_r2": 0.07582523495914652,
  "KSerror": 0.06544362344741816,
  "ECE_s_r2": 0.07770660192179539,
  "ECE_s_r1": 0.06542998670041561,
  "MMCE": 0.051914525905569046,
  "tCWECE_k": 0.025560177269034083,
  "tCWECE": 0.036143862712215244,
  "SKCE": 1.0269151505703487e-05,
  "DKDE_CE": 0.0271597110741839
}