{
  "nll": 2.0181260108947754,
  "ECE_ew": 0.21156291663646698,
  "ECE_em": 0.21154223382472992,
  "CWECE_a": 0.004754095338284969,
  "ACE": 0.2737421340822937,
  "CWECE_s": 0.47026219964027405,
  "dECE": 0.2115426676452159,
  "KDE_ECE": 0.20532340637506957,
  "CWECE_r2": 0.029025512130007588,
  "ECE_r2": 0.23335624612505038,
  "KSerror": 0.21156936550140382,
  "ECE_s_r2": 0.2659647290715957,
  "ECE_s_r1": 0.2115628469735384,
  "MMCE": 0.17804286702926347,
  "tCWECE_k": 0.15312101562986713,
  "tCWECE": 0.16662495907119027,
  "SKCE": 0.00032229096425107014,
  "DKDE_CE": 0.03674866285911762
}