{
  "nll": 0.3820892572402954,
  "ECE_ew": 0.04505439102649689,
  "ECE_em": 0.044728804379701614,
  "CWECE_a": 0.009664308279752731,
  "ACE": 0.21312697298080227,
  "CWECE_s": 0.09529927372932434,
  "dECE": 0.04468678901791573,
  "KDE_ECE": 0.04060030573515041,
  "CWECE_r2": 0.029543768260156866,
  "ECE_r2": 0.0660366878945436,
  "KSerror": 0.04475774459838866,
  "ECE_s_r2": 0.08502143493050526,
  "ECE_s_r1": 0.04475659198760984,
  "MMCE": 0.0405777648472658,
  "tCWECE_k": 0.04774840192043966,
  "tCWECE": 0.051640659940602296,
  "SKCE": 0.0002654756370619121,
  "DKDE_CE": 0.002109806355581449
}