{
  "nll": 0.943954586982727,
  "ECE_ew": 0.057198867201805115,
  "ECE_em": 0.05719777196645737,
  "CWECE_a": 0.00031390617368742824,
  "ACE": 0.06939450781281499,
  "CWECE_s": 0.3099171221256256,
  "dECE": 0.057199014101028456,
  "KDE_ECE": 0.05173555041613379,
  "CWECE_r2": 0.008527997714170534,
  "ECE_r2": 0.0655117282978355,
  "KSerror": 0.057211123065948444,
  "ECE_s_r2": 0.06708402415829015,
  "ECE_s_r1": 0.057198872607350355,
  "MMCE": 0.04508759474622703,
  "tCWECE_k": 0.024267668755284688,
  "tCWECE": 0.03443149435472131,
  "SKCE": 1.005780160282181e-05,
  "DKDE_CE": 0.025913976909255742
}