{
  "nll": 0.8236739039421082,
  "ECE_ew": 0.07301973551511765,
  "ECE_em": 0.07295627892017365,
  "CWECE_a": 0.00035592957283370197,
  "ACE": 0.07014480070400886,
  "CWECE_s": 0.3480699062347412,
  "dECE": 0.07295582162499428,
  "KDE_ECE": 0.07307379188936418,
  "CWECE_r2": 0.008350879169155893,
  "ECE_r2": 0.0754271307369938,
  "KSerror": 0.07295517290115361,
  "ECE_s_r2": 0.07569325714753293,
  "ECE_s_r1": 0.07295530403137208,
  "MMCE": 0.05852133628002696,
  "tCWECE_k": 0.017636630809234263,
  "tCWECE": 0.02457037761784567,
  "SKCE": 8.249648885094242e-06,
  "DKDE_CE": 0.06039137162571171
}