{
  "nll": 0.7467614412307739,
  "ECE_ew": 0.07137969136238098,
  "ECE_em": 0.06990757584571838,
  "CWECE_a": 0.0012460846919566393,
  "ACE": 0.14957392972861344,
  "CWECE_s": 0.24900490045547485,
  "dECE": 0.06946621836774877,
  "KDE_ECE": 0.06128964746108538,
  "CWECE_r2": 0.015302472366960368,
  "ECE_r2": 0.08613205792582888,
  "KSerror": 0.06961297396342836,
  "ECE_s_r2": 0.09074471754956125,
  "ECE_s_r1": 0.06960864833687598,
  "MMCE": 0.06100591342180605,
  "tCWECE_k": 0.07961020372200557,
  "tCWECE": 0.09760265330935897,
  "SKCE": 5.7674234749807704e-05,
  "DKDE_CE": 0.02291384295794451
}