{
  "nll": 0.8024010062217712,
  "ECE_ew": 0.06102968007326126,
  "ECE_em": 0.060429897159338,
  "CWECE_a": 0.00032059114892035723,
  "ACE": 0.03452558063379125,
  "CWECE_s": 0.31355106830596924,
  "dECE": 0.05998066197991374,
  "KDE_ECE": 0.060886790084311165,
  "CWECE_r2": 0.007780050583970967,
  "ECE_r2": 0.06834449651501538,
  "KSerror": 0.057703622665405296,
  "ECE_s_r2": 0.06838841274896286,
  "ECE_s_r1": 0.05843203957557678,
  "MMCE": 0.05371539444144481,
  "tCWECE_k": 0.02378814933380591,
  "tCWECE": 0.033955201188303134,
  "SKCE": 6.944102725493945e-06,
  "DKDE_CE": 0.08512217110410342
}