{
  "nll": 0.42935824394226074,
  "ECE_ew": 0.055002667009830475,
  "ECE_em": 0.0548965148627758,
  "CWECE_a": 0.011403100565075874,
  "ACE": 0.1960698316746546,
  "CWECE_s": 0.11430294811725616,
  "dECE": 0.05486770254969599,
  "KDE_ECE": 0.05013465830832414,
  "CWECE_r2": 0.03200628847246305,
  "ECE_r2": 0.08226638062027786,
  "KSerror": 0.05493420944213867,
  "ECE_s_r2": 0.10246873922157346,
  "ECE_s_r1": 0.05493088798522949,
  "MMCE": 0.0487031168792101,
  "tCWECE_k": 0.05915911102895188,
  "tCWECE": 0.06096572279489232,
  "SKCE": 0.00027452204914098715,
  "DKDE_CE": 0.002089516488428697
}