{
  "nll": 0.3299262821674347,
  "ECE_ew": 0.02384619414806366,
  "ECE_em": 0.02123151533305645,
  "CWECE_a": 0.000903019739780575,
  "ACE": 0.06687414104194973,
  "CWECE_s": 0.1735294908285141,
  "dECE": 0.0204706729700168,
  "KDE_ECE": 0.01826668903459501,
  "CWECE_r2": 0.014916340265169827,
  "ECE_r2": 0.03449336025552244,
  "KSerror": 0.021263402492845862,
  "ECE_s_r2": 0.025958423659848965,
  "ECE_s_r1": 0.021259627294777636,
  "MMCE": 0.01847681338461319,
  "tCWECE_k": 0.05647570465537564,
  "tCWECE": 0.07571830538671082,
  "SKCE": 1.4287321152581002e-05,
  "DKDE_CE": 0.011400974235111747
}