{
  "nll": 1.802246332168579,
  "ECE_ew": 0.1878376305103302,
  "ECE_em": 0.18781669437885284,
  "CWECE_a": 0.004212077707052231,
  "ACE": 0.2944503851227191,
  "CWECE_s": 0.42026785016059875,
  "dECE": 0.18783521255254754,
  "KDE_ECE": 0.18163040897591146,
  "CWECE_r2": 0.027245992597073478,
  "ECE_r2": 0.215841220115744,
  "KSerror": 0.1878432909965515,
  "ECE_s_r2": 0.2471043864738405,
  "ECE_s_r1": 0.18783758722543717,
  "MMCE": 0.1587224621784831,
  "tCWECE_k": 0.14433648525577802,
  "tCWECE": 0.15787819738171327,
  "SKCE": 0.0002765580042224298,
  "DKDE_CE": 0.02880668181287523
}