{
  "nll": 0.3582741320133209,
  "ECE_ew": 0.04750353842973709,
  "ECE_em": 0.04747395217418671,
  "CWECE_a": 0.009829040616750717,
  "ACE": 0.18201020314746066,
  "CWECE_s": 0.09845615178346634,
  "dECE": 0.04743450993299485,
  "KDE_ECE": 0.04336033964706832,
  "CWECE_r2": 0.02724771025331288,
  "ECE_r2": 0.06650979144520693,
  "KSerror": 0.04750823287963868,
  "ECE_s_r2": 0.09075184168362757,
  "ECE_s_r1": 0.04750353159904481,
  "MMCE": 0.042773807332876036,
  "tCWECE_k": 0.05006410685849298,
  "tCWECE": 0.05233421666958449,
  "SKCE": 0.00022186097186212246,
  "DKDE_CE": 0.002164752357471642
}