{
  "nll": 0.30535635352134705,
  "ECE_ew": 0.021831899881362915,
  "ECE_em": 0.020333075895905495,
  "CWECE_a": 0.0008417899371124804,
  "ACE": 0.077184577272596,
  "CWECE_s": 0.16502831876277924,
  "dECE": 0.01917641448477904,
  "KDE_ECE": 0.014514082388638277,
  "CWECE_r2": 0.014116658902310066,
  "ECE_r2": 0.032444989426027686,
  "KSerror": 0.016846947349719144,
  "ECE_s_r2": 0.019654346982113165,
  "ECE_s_r1": 0.016841516506612586,
  "MMCE": 0.016490425664034195,
  "tCWECE_k": 0.05581942130809718,
  "tCWECE": 0.07379074291155263,
  "SKCE": 1.1650599214176557e-05,
  "DKDE_CE": 0.010485989907291089
}