{
  "nll": 0.6546110469650412,
  "ECE_ew": 0.0112456688657403,
  "ECE_em": 0.011136570945382118,
  "CWECE_a": 0.0002590077056083828,
  "ACE": 0.033415299654179664,
  "CWECE_s": 0.25370287895202637,
  "dECE": 0.010145598239836923,
  "KDE_ECE": 0.013078578821294453,
  "CWECE_r2": 0.007526839773053423,
  "ECE_r2": 0.014513418918053482,
  "KSerror": 0.004210871202211919,
  "ECE_s_r2": 0.012266385186641237,
  "ECE_s_r1": 0.011148567011369027,
  "MMCE": 0.005217637402080929,
  "tCWECE_k": 0.01868338708573931,
  "tCWECE": 0.02854002578784885,
  "SKCE": 4.5089634836622766e-06,
  "DKDE_CE": 0.021303253844481618
}