{
  "nll": 0.5474328958616611,
  "ECE_ew": 0.016230519860982895,
  "ECE_em": 0.016933036968111992,
  "CWECE_a": 0.0013669689651578665,
  "ACE": 0.1256069794403864,
  "CWECE_s": 0.26944711804389954,
  "dECE": 0.01261972030007328,
  "KDE_ECE": 0.01777763496327322,
  "CWECE_r2": 0.017259501207854844,
  "ECE_r2": 0.03761482217652451,
  "KSerror": 0.009040169911784565,
  "ECE_s_r2": 0.020569276727376472,
  "ECE_s_r1": 0.014178201247962596,
  "MMCE": 0.005827022574149436,
  "tCWECE_k": 0.047097008480006336,
  "tCWECE": 0.06375736400591953,
  "SKCE": 2.6085346346051653e-05,
  "DKDE_CE": 0.018831196503245967
}