{
  "nll": 0.7179602248283681,
  "ECE_ew": 0.006206350401043892,
  "ECE_em": 0.006235912907868624,
  "CWECE_a": 0.00028229711460880935,
  "ACE": 0.015965523591516435,
  "CWECE_s": 0.2756742537021637,
  "dECE": 0.004044324285586601,
  "KDE_ECE": 0.010329179121812615,
  "CWECE_r2": 0.007971003745223991,
  "ECE_r2": 0.008485055183672928,
  "KSerror": 0.0038025060176475334,
  "ECE_s_r2": 0.007943714133247718,
  "ECE_s_r1": 0.006842775143712483,
  "MMCE": 0.004045090738141796,
  "tCWECE_k": 0.019318645580028337,
  "tCWECE": 0.029655131063796428,
  "SKCE": 5.6027585774378524e-06,
  "DKDE_CE": 0.023351347777487493
}