{
  "nll": 0.22602771129728116,
  "ECE_ew": 0.008737350814044476,
  "ECE_em": 0.00871830340474844,
  "CWECE_a": 0.00392858637496829,
  "ACE": 0.0358469461614423,
  "CWECE_s": 0.037766940891742706,
  "dECE": 0.007988272567769888,
  "KDE_ECE": 0.010811057606715356,
  "CWECE_r2": 0.016610151560260723,
  "ECE_r2": 0.014975318084821288,
  "KSerror": 0.008185083507611934,
  "ECE_s_r2": 0.013027081617031108,
  "ECE_s_r1": 0.008185083258525117,
  "MMCE": 0.006422963680385873,
  "tCWECE_k": 0.020445710939412724,
  "tCWECE": 0.023998970142183423,
  "SKCE": 2.802970565370335e-05,
  "DKDE_CE": 0.0012290114272890732
}