{
  "nll": 0.20562779468383566,
  "ECE_ew": 0.006965962238609791,
  "ECE_em": 0.008800419047474861,
  "CWECE_a": 0.0038742825854569674,
  "ACE": 0.06221677898734875,
  "CWECE_s": 0.03795597702264786,
  "dECE": 0.007960933795851959,
  "KDE_ECE": 0.011807896631843907,
  "CWECE_r2": 0.01590334154276827,
  "ECE_r2": 0.019290877938040393,
  "KSerror": 0.0075736416232563,
  "ECE_s_r2": 0.014176744437781663,
  "ECE_s_r1": 0.00832510097672301,
  "MMCE": 0.0055917215476837335,
  "tCWECE_k": 0.019093587984171413,
  "tCWECE": 0.02490861403246068,
  "SKCE": 1.6259246207014982e-05,
  "DKDE_CE": 0.001334255180045315
}