{
  "nll": 0.9391072653387593,
  "ECE_ew": 0.009792007505893707,
  "ECE_em": 0.008236651308834553,
  "CWECE_a": 0.0018483797321096063,
  "ACE": 0.020581818149774344,
  "CWECE_s": 0.18367865681648254,
  "dECE": 0.0033257537896913183,
  "KDE_ECE": 0.012467188885297967,
  "CWECE_r2": 0.01570874053885294,
  "ECE_r2": 0.015171358070509944,
  "KSerror": 0.007191991495995587,
  "ECE_s_r2": 0.017714872572235568,
  "ECE_s_r1": 0.010719682598555194,
  "MMCE": 0.00510269990236564,
  "tCWECE_k": 0.0296719970014541,
  "tCWECE": 0.036834854325682294,
  "SKCE": 4.5114477013537274e-05,
  "DKDE_CE": 0.01794877451060685
}