{
  "nll": 0.8891634368749763,
  "ECE_ew": 0.016747521236538887,
  "ECE_em": 0.01875935308635235,
  "CWECE_a": 0.00031674784258939326,
  "ACE": 0.025361273215487732,
  "CWECE_s": 0.3128232955932617,
  "dECE": 0.01847969230815532,
  "KDE_ECE": 0.020244470531185534,
  "CWECE_r2": 0.008253652914001533,
  "ECE_r2": 0.02206464927367909,
  "KSerror": 0.013238535116150418,
  "ECE_s_r2": 0.021127121207412513,
  "ECE_s_r1": 0.018454899894015435,
  "MMCE": 0.010134617542858245,
  "tCWECE_k": 0.01708831712489655,
  "tCWECE": 0.025073339996483503,
  "SKCE": 7.717383454322068e-06,
  "DKDE_CE": 0.02657669116710222
}