{
  "nll": 0.19071314995265107,
  "ECE_ew": 0.005570519715547562,
  "ECE_em": 0.004115905147045851,
  "CWECE_a": 0.0048275175504386425,
  "ACE": 0.042131333133341935,
  "CWECE_s": 0.04791586101055145,
  "dECE": 0.0025932690469200013,
  "KDE_ECE": 0.011394923491629749,
  "CWECE_r2": 0.021876332838361035,
  "ECE_r2": 0.014018842553734754,
  "KSerror": 0.0025230275611357322,
  "ECE_s_r2": 0.00177320283526404,
  "ECE_s_r1": 0.0013074120949327639,
  "MMCE": 0.0017827036518800227,
  "tCWECE_k": 0.0297404343550557,
  "tCWECE": 0.031686224966282886,
  "SKCE": 0.00011408103133850596,
  "DKDE_CE": 0.001058499591309106
}