{
  "nll": 1.081616346778891,
  "ECE_ew": 0.01645081304013729,
  "ECE_em": 0.01829981803894043,
  "CWECE_a": 0.002097548684105277,
  "ACE": 0.025024400259606276,
  "CWECE_s": 0.20282964408397675,
  "dECE": 0.015507382641929853,
  "KDE_ECE": 0.01750654463867975,
  "CWECE_r2": 0.016558040506934827,
  "ECE_r2": 0.022164940398224284,
  "KSerror": 0.009543929208777363,
  "ECE_s_r2": 0.018972155803033908,
  "ECE_s_r1": 0.014007600370180751,
  "MMCE": 0.006978408398441849,
  "tCWECE_k": 0.028022845089509446,
  "tCWECE": 0.036246950027496276,
  "SKCE": 1.5092072592124822e-05,
  "DKDE_CE": 0.02381588915608152
}