{
  "nll": 1.05618017051424,
  "ECE_ew": 0.012275844812393188,
  "ECE_em": 0.008754193782806396,
  "CWECE_a": 0.001955352257937193,
  "ACE": 0.013804548035947103,
  "CWECE_s": 0.18759548664093018,
  "dECE": 0.004059074332590609,
  "KDE_ECE": 0.012537095172986824,
  "CWECE_r2": 0.016079607064012475,
  "ECE_r2": 0.016192260461457792,
  "KSerror": 0.0045901505850123175,
  "ECE_s_r2": 0.014339958560677163,
  "ECE_s_r1": 0.009342873623669342,
  "MMCE": 0.004077912317932897,
  "tCWECE_k": 0.026816319442420494,
  "tCWECE": 0.03452950749066667,
  "SKCE": 3.731494563867405e-05,
  "DKDE_CE": 0.025303351399645176
}