{
  "nll": 0.9244633659631043,
  "ECE_ew": 0.011870933696627617,
  "ECE_em": 0.011948676779866219,
  "CWECE_a": 0.0003221512888558209,
  "ACE": 0.025046543338668802,
  "CWECE_s": 0.31574973464012146,
  "dECE": 0.010486639088022451,
  "KDE_ECE": 0.014532808319694251,
  "CWECE_r2": 0.008392423298571714,
  "ECE_r2": 0.017961090321031863,
  "KSerror": 0.01058020830392331,
  "ECE_s_r2": 0.01610687834934809,
  "ECE_s_r1": 0.011945619203705904,
  "MMCE": 0.007750078957868513,
  "tCWECE_k": 0.016284058700227602,
  "tCWECE": 0.024050772277454457,
  "SKCE": 7.304806224031984e-06,
  "DKDE_CE": 0.02750648029600273
}