{
  "nll": 0.308998197338186,
  "ECE_ew": 0.008793806657195091,
  "ECE_em": 0.010412334464490414,
  "CWECE_a": 0.0009582623606547713,
  "ACE": 0.035537516041255206,
  "CWECE_s": 0.18684197962284088,
  "dECE": 0.0076084265971199695,
  "KDE_ECE": 0.015715239088498617,
  "CWECE_r2": 0.015007032133500067,
  "ECE_r2": 0.01824118841440798,
  "KSerror": 0.005201574438100709,
  "ECE_s_r2": 0.009811397128350144,
  "ECE_s_r1": 0.007640943466116904,
  "MMCE": 0.0027263016237907664,
  "tCWECE_k": 0.04829654770537207,
  "tCWECE": 0.06786399503955233,
  "SKCE": 8.216663744069134e-06,
  "DKDE_CE": 0.011487908169518812
}