{
  "nll": 0.2860777251693459,
  "ECE_ew": 0.011641629040241241,
  "ECE_em": 0.010596038773655891,
  "CWECE_a": 0.0008972784271463752,
  "ACE": 0.07063821542127967,
  "CWECE_s": 0.17109045386314392,
  "dECE": 0.008217886104699278,
  "KDE_ECE": 0.014012242292845244,
  "CWECE_r2": 0.014368767297227641,
  "ECE_r2": 0.028024598261351015,
  "KSerror": 0.006696404103993928,
  "ECE_s_r2": 0.013262290700023533,
  "ECE_s_r1": 0.00914135425108402,
  "MMCE": 0.004348294283719023,
  "tCWECE_k": 0.04977738420867442,
  "tCWECE": 0.06791947722726234,
  "SKCE": 6.3314394066774375e-06,
  "DKDE_CE": 0.010812059887900034
}