{
  "nll": 0.5637188536919587,
  "ECE_ew": 0.018102522939443588,
  "ECE_em": 0.01682404801249504,
  "CWECE_a": 0.0014712094562128186,
  "ACE": 0.04325094847732609,
  "CWECE_s": 0.2792946398258209,
  "dECE": 0.012845037882913087,
  "KDE_ECE": 0.023427926527054665,
  "CWECE_r2": 0.0187696251410714,
  "ECE_r2": 0.03387871760782113,
  "KSerror": 0.016014115872058032,
  "ECE_s_r2": 0.02202428528429206,
  "ECE_s_r1": 0.015876610412553716,
  "MMCE": 0.012558425561854079,
  "tCWECE_k": 0.04519499836351797,
  "tCWECE": 0.06376086461485142,
  "SKCE": 2.418260903947363e-05,
  "DKDE_CE": 0.017453589963922093
}