{
  "nll": 0.07846618816414802,
  "ECE_ew": 0.006303498521447182,
  "ECE_em": 0.005029652733355761,
  "CWECE_a": 0.0017005959525704384,
  "ACE": 0.06630564386522073,
  "CWECE_s": 0.01704660803079605,
  "dECE": 0.0047184088136548955,
  "KDE_ECE": 0.00910479134630745,
  "CWECE_r2": 0.010717235426705803,
  "ECE_r2": 0.011943620531914095,
  "KSerror": 0.004841086853769383,
  "ECE_s_r2": 0.006855771399733457,
  "ECE_s_r1": 0.004967515075847034,
  "MMCE": 0.004595488361147686,
  "tCWECE_k": 0.009192527468237281,
  "tCWECE": 0.012109530617787356,
  "SKCE": 3.7896992103794384e-06,
  "DKDE_CE": 0.0011834056002441866
}