{
  "nll": Infinity,
  "ECE_ew": 0.21156282722949982,
  "ECE_em": 0.2115422487258911,
  "CWECE_a": 0.004752094857394695,
  "ACE": 0.2737421553905017,
  "CWECE_s": 0.47006216645240784,
  "dECE": 0.21154269644618023,
  "KDE_ECE": 0.20532341088657086,
  "CWECE_r2": 0.029025511905783258,
  "ECE_r2": 0.2333562453281521,
  "KSerror": 0.21156936550140382,
  "ECE_s_r2": 0.265964735651146,
  "ECE_s_r1": 0.2115628469735384,
  "MMCE": 0.17804288809160562,
  "tCWECE_k": 0.15320138194007316,
  "tCWECE": 0.16662495903964858,
  "SKCE": 0.00032229095206204447,
  "DKDE_CE": 0.03662895535809342
}