{
  "nll": 0.943954586982727,
  "ECE_ew": 0.05719873309135437,
  "ECE_em": 0.057197652757167816,
  "CWECE_a": 0.00031390617368742824,
  "ACE": 0.06939445336366207,
  "CWECE_s": 0.309917151927948,
  "dECE": 0.05719886508464814,
  "KDE_ECE": 0.051735550549828174,
  "CWECE_r2": 0.008527997096720861,
  "ECE_r2": 0.06551160863818123,
  "KSerror": 0.05721112291336061,
  "ECE_s_r2": 0.0670839066122808,
  "ECE_s_r1": 0.05719872359454633,
  "MMCE": 0.0450874882866633,
  "tCWECE_k": 0.024288374530923643,
  "tCWECE": 0.034431389442984024,
  "SKCE": 1.0057793834864031e-05,
  "DKDE_CE": 0.02591391555853843
}