{
  "nll": 0.6126236915588379,
  "ECE_ew": 0.042061466723680496,
  "ECE_em": 0.03617555648088455,
  "CWECE_a": 0.0013825694331899285,
  "ACE": 0.06435550010193888,
  "CWECE_s": 0.26299771666526794,
  "dECE": 0.034054244558016464,
  "KDE_ECE": 0.030678276584337284,
  "CWECE_r2": 0.01832798136807891,
  "ECE_r2": 0.04639346584450735,
  "KSerror": 0.036204444116620826,
  "ECE_s_r2": 0.04302822308255813,
  "ECE_s_r1": 0.03620031183187048,
  "MMCE": 0.03133290448925929,
  "tCWECE_k": 0.05845061743956951,
  "tCWECE": 0.07830833014696212,
  "SKCE": 3.744660985638492e-05,
  "DKDE_CE": 0.017379784754052028
}