{
  "nll": 0.9049614071846008,
  "ECE_ew": 0.018790947273373604,
  "ECE_em": 0.01839900203049183,
  "CWECE_a": 0.00030575256096199155,
  "ACE": 0.022439947869065988,
  "CWECE_s": 0.29949063062667847,
  "dECE": 0.017470899404287345,
  "KDE_ECE": 0.015327580365300403,
  "CWECE_r2": 0.008391288200737722,
  "ECE_r2": 0.021691698214198408,
  "KSerror": 0.008113859024047848,
  "ECE_s_r2": 0.021565484222419384,
  "ECE_s_r1": 0.018674511581659323,
  "MMCE": 0.009652499028748979,
  "tCWECE_k": 0.01475945094405883,
  "tCWECE": 0.021765062793896322,
  "SKCE": 6.780016404124556e-06,
  "DKDE_CE": 0.024986968713286744
}