{
  "nll": 0.3147631585597992,
  "ECE_ew": 0.01383538544178009,
  "ECE_em": 0.016176113858819008,
  "CWECE_a": 0.0009631430148147047,
  "ACE": 0.06047124529667347,
  "CWECE_s": 0.18477298319339752,
  "dECE": 0.01422685608267784,
  "KDE_ECE": 0.017883937212683592,
  "CWECE_r2": 0.015258118182614805,
  "ECE_r2": 0.03258980665235951,
  "KSerror": 0.009900206950173462,
  "ECE_s_r2": 0.01647337989653726,
  "ECE_s_r1": 0.01439751434088943,
  "MMCE": 0.006149951874976278,
  "tCWECE_k": 0.04654777696816458,
  "tCWECE": 0.06532359883830624,
  "SKCE": 7.380942542548723e-06,
  "DKDE_CE": 0.011293229994470372
}