{
  "nll": 0.9370750784873962,
  "ECE_ew": 0.010918096639215946,
  "ECE_em": 0.008556576445698738,
  "CWECE_a": 0.0017525875009596348,
  "ACE": 0.01596267376259481,
  "CWECE_s": 0.1753738671541214,
  "dECE": 0.004152572114765645,
  "KDE_ECE": 0.009563104547407707,
  "CWECE_r2": 0.015812678866435847,
  "ECE_r2": 0.012586737716956562,
  "KSerror": 0.0033499526739120544,
  "ECE_s_r2": 0.012547009074357338,
  "ECE_s_r1": 0.008830354438722128,
  "MMCE": 0.0038384882049081184,
  "tCWECE_k": 0.027070457693082552,
  "tCWECE": 0.03422063105439553,
  "SKCE": 2.6201174511046322e-05,
  "DKDE_CE": 0.016698758816379614
}