{
  "nll": 0.2917040288448334,
  "ECE_ew": 0.01623411290347576,
  "ECE_em": 0.013916839845478535,
  "CWECE_a": 0.0009014149545691907,
  "ACE": 0.06871615587330278,
  "CWECE_s": 0.1736900955438614,
  "dECE": 0.010774644091725346,
  "KDE_ECE": 0.01689570545627936,
  "CWECE_r2": 0.014584562934693344,
  "ECE_r2": 0.030398089327876042,
  "KSerror": 0.009963957149887556,
  "ECE_s_r2": 0.018674667542387207,
  "ECE_s_r1": 0.012469193472791072,
  "MMCE": 0.007158398328271707,
  "tCWECE_k": 0.046950742173879456,
  "tCWECE": 0.06548946676128074,
  "SKCE": 6.89512690709862e-06,
  "DKDE_CE": 0.01025417449847322
}