{
  "nll": 1.0847446918487549,
  "ECE_ew": 0.018352564424276352,
  "ECE_em": 0.02009393461048603,
  "CWECE_a": 0.0019933562725782394,
  "ACE": 0.029396995900509613,
  "CWECE_s": 0.19330845773220062,
  "dECE": 0.0182169675052166,
  "KDE_ECE": 0.01583257185017423,
  "CWECE_r2": 0.016402478257027172,
  "ECE_r2": 0.025080412693504677,
  "KSerror": 0.006881816673278807,
  "ECE_s_r2": 0.020733806732827365,
  "ECE_s_r1": 0.018157963877916333,
  "MMCE": 0.008634334848802773,
  "tCWECE_k": 0.02643607241807181,
  "tCWECE": 0.034202470668825084,
  "SKCE": 1.247404402665828e-05,
  "DKDE_CE": 0.020755252345250417
}