{
  "nll": 0.7346010208129883,
  "ECE_ew": 0.04015500843524933,
  "ECE_em": 0.04139510169625282,
  "CWECE_a": 0.0002489596954546869,
  "ACE": 0.07281845983012758,
  "CWECE_s": 0.2428162693977356,
  "dECE": 0.041162644857168196,
  "KDE_ECE": 0.03868796198647146,
  "CWECE_r2": 0.00752494686273819,
  "ECE_r2": 0.06115266214556219,
  "KSerror": 0.03784736853599546,
  "ECE_s_r2": 0.06199966880088906,
  "ECE_s_r1": 0.0414079782152176,
  "MMCE": 0.028720607584102397,
  "tCWECE_k": 0.032145238841080094,
  "tCWECE": 0.04814955434426396,
  "SKCE": 4.493075871388389e-06,
  "DKDE_CE": 0.027631354833498045
}