{
  "nll": 0.08076709508895874,
  "ECE_ew": 0.0074014668352901936,
  "ECE_em": 0.007897435687482357,
  "CWECE_a": 0.0020748074166476727,
  "ACE": 0.06928128101025886,
  "CWECE_s": 0.02029484324157238,
  "dECE": 0.0076238800386297795,
  "KDE_ECE": 0.010606804566687231,
  "CWECE_r2": 0.011351538133061622,
  "ECE_r2": 0.015367083742066455,
  "KSerror": 0.007636207961274177,
  "ECE_s_r2": 0.014467221780152627,
  "ECE_s_r1": 0.007824671526279785,
  "MMCE": 0.006229816071755326,
  "tCWECE_k": 0.009881216637935935,
  "tCWECE": 0.012657022881914119,
  "SKCE": 1.1392076254529636e-05,
  "DKDE_CE": 0.001186254377732143
}