{
  "nll": 0.22304996848106384,
  "ECE_ew": 0.008969346061348915,
  "ECE_em": 0.006911060307174921,
  "CWECE_a": 0.003514181822538376,
  "ACE": 0.04075608678493786,
  "CWECE_s": 0.03431160748004913,
  "dECE": 0.0060134405642747885,
  "KDE_ECE": 0.012775961221617924,
  "CWECE_r2": 0.016400320134662298,
  "ECE_r2": 0.01740945921265372,
  "KSerror": 0.006689287567138713,
  "ECE_s_r2": 0.010194374992141056,
  "ECE_s_r1": 0.0066795851707458056,
  "MMCE": 0.005894828158940471,
  "tCWECE_k": 0.019801275479493362,
  "tCWECE": 0.022885355832138108,
  "SKCE": 2.161138925591324e-05,
  "DKDE_CE": 0.0013687052244162076
}