{
  "nll": 0.1846766173839569,
  "ECE_ew": 0.006888766773045063,
  "ECE_em": 0.005939175840467215,
  "CWECE_a": 0.0035176423843950033,
  "ACE": 0.06336337765909775,
  "CWECE_s": 0.03352714329957962,
  "dECE": 0.004931247644126415,
  "KDE_ECE": 0.012212126874801704,
  "CWECE_r2": 0.01801630532282177,
  "ECE_r2": 0.01801437663569196,
  "KSerror": 0.0034460783779621112,
  "ECE_s_r2": 0.004570437990853756,
  "ECE_s_r1": 0.002691640162467951,
  "MMCE": 0.0023072735755733566,
  "tCWECE_k": 0.01892698296818495,
  "tCWECE": 0.02485463084228874,
  "SKCE": 2.575742140823455e-05,
  "DKDE_CE": 0.0011127078225062147
}