{
  "nll": 0.2055267095565796,
  "ECE_ew": 0.007343485951423645,
  "ECE_em": 0.006521416828036308,
  "CWECE_a": 0.0037704133428633213,
  "ACE": 0.0507250025624064,
  "CWECE_s": 0.03572450205683708,
  "dECE": 0.0048302202746272095,
  "KDE_ECE": 0.011637372571539887,
  "CWECE_r2": 0.016509112393561967,
  "ECE_r2": 0.017451677535367787,
  "KSerror": 0.005494647789001439,
  "ECE_s_r2": 0.00884854274774161,
  "ECE_s_r1": 0.0053898959755897535,
  "MMCE": 0.005111557972120022,
  "tCWECE_k": 0.018528131480235577,
  "tCWECE": 0.024634187630247835,
  "SKCE": 1.2878558431777965e-05,
  "DKDE_CE": 0.0013395225451556987
}