{
  "nll": 0.5820419192314148,
  "ECE_ew": 0.037580132484436035,
  "ECE_em": 0.03861621022224426,
  "CWECE_a": 0.0014685055939480662,
  "ACE": 0.10227325748981257,
  "CWECE_s": 0.27962446212768555,
  "dECE": 0.03739222362637522,
  "KDE_ECE": 0.042820335310876353,
  "CWECE_r2": 0.018579178967201862,
  "ECE_r2": 0.05899654473371589,
  "KSerror": 0.035456745778743304,
  "ECE_s_r2": 0.05529481004788187,
  "ECE_s_r1": 0.037999735379693526,
  "MMCE": 0.0249565667447913,
  "tCWECE_k": 0.0425647725699149,
  "tCWECE": 0.058557045179546,
  "SKCE": 3.520400440438327e-05,
  "DKDE_CE": 0.01608610917481772
}