{
  "nll": 0.7460745573043823,
  "ECE_ew": 0.023353828117251396,
  "ECE_em": 0.02478671818971634,
  "CWECE_a": 0.0002706519444473088,
  "ACE": 0.03941799008740466,
  "CWECE_s": 0.26580071449279785,
  "dECE": 0.024298964053392408,
  "KDE_ECE": 0.024739642954759108,
  "CWECE_r2": 0.00798051101021214,
  "ECE_r2": 0.03663678667153059,
  "KSerror": 0.023685076513290382,
  "ECE_s_r2": 0.03510966979139824,
  "ECE_s_r1": 0.024789480891227737,
  "MMCE": 0.01892466248047769,
  "tCWECE_k": 0.02368830067945575,
  "tCWECE": 0.03662258348962685,
  "SKCE": 4.927638738430598e-06,
  "DKDE_CE": 0.023672753935394204
}