{
  "nll": 1.0540064573287964,
  "ECE_ew": 0.011160524562001228,
  "ECE_em": 0.011530321091413498,
  "CWECE_a": 0.0018778626108542085,
  "ACE": 0.016159251746515717,
  "CWECE_s": 0.18052230775356293,
  "dECE": 0.006751486837863918,
  "KDE_ECE": 0.01588588862326822,
  "CWECE_r2": 0.015507249218543961,
  "ECE_r2": 0.014106953622748856,
  "KSerror": 0.010562673377990717,
  "ECE_s_r2": 0.014588848224054414,
  "ECE_s_r1": 0.011067515492439275,
  "MMCE": 0.0077790973427994846,
  "tCWECE_k": 0.02588682739280587,
  "tCWECE": 0.03349187998141122,
  "SKCE": 1.9733876687317684e-05,
  "DKDE_CE": 0.02451658636528313
}