{
  "nll": 0.5424226522445679,
  "ECE_ew": 0.025201993063092232,
  "ECE_em": 0.02413482777774334,
  "CWECE_a": 0.0013208524323999882,
  "ACE": 0.07639569625372729,
  "CWECE_s": 0.25858667492866516,
  "dECE": 0.01960109769050667,
  "KDE_ECE": 0.025183978010820923,
  "CWECE_r2": 0.017101784381265944,
  "ECE_r2": 0.04676539953635717,
  "KSerror": 0.016985042252785854,
  "ECE_s_r2": 0.036809677605785955,
  "ECE_s_r1": 0.02451779423066157,
  "MMCE": 0.012030713371465666,
  "tCWECE_k": 0.044393168474528545,
  "tCWECE": 0.061328240460080376,
  "SKCE": 1.7392931389475482e-05,
  "DKDE_CE": 0.01679151198439174
}