{
  "nll": 0.9373645186424255,
  "ECE_ew": 0.019431017339229584,
  "ECE_em": 0.018734997138381004,
  "CWECE_a": 0.0003094634448643774,
  "ACE": 0.02200963981552695,
  "CWECE_s": 0.30452579259872437,
  "dECE": 0.017820557802915575,
  "KDE_ECE": 0.01563545427632664,
  "CWECE_r2": 0.008405710536481849,
  "ECE_r2": 0.022501002704379217,
  "KSerror": 0.007686424047946935,
  "ECE_s_r2": 0.023794298650945355,
  "ECE_s_r1": 0.020472601559758195,
  "MMCE": 0.010978609315391453,
  "tCWECE_k": 0.014227825767637035,
  "tCWECE": 0.020869437968433296,
  "SKCE": 6.654206330778527e-06,
  "DKDE_CE": 0.025957631903962282
}