{
  "nll": 0.8236739039421082,
  "ECE_ew": 0.07301974296569824,
  "ECE_em": 0.07295627892017365,
  "CWECE_a": 0.0003559296019375324,
  "ACE": 0.07014480230985866,
  "CWECE_s": 0.3480699062347412,
  "dECE": 0.07295583156108856,
  "KDE_ECE": 0.07307379230537386,
  "CWECE_r2": 0.008350879172601902,
  "ECE_r2": 0.07542711700688763,
  "KSerror": 0.07295517290115361,
  "ECE_s_r2": 0.07569325032922296,
  "ECE_s_r1": 0.0729552980709076,
  "MMCE": 0.05852134311514048,
  "tCWECE_k": 0.0176606345403829,
  "tCWECE": 0.0245703778183968,
  "SKCE": 8.249649200121816e-06,
  "DKDE_CE": 0.06039137260156094
}