{
  "nll": 0.9884786009788513,
  "ECE_ew": 0.06542991101741791,
  "ECE_em": 0.0654279887676239,
  "CWECE_a": 0.00032695612753741443,
  "ACE": 0.07699426315524419,
  "CWECE_s": 0.3184586763381958,
  "dECE": 0.06543021694898607,
  "KDE_ECE": 0.059766998065569614,
  "CWECE_r2": 0.00878305079843858,
  "ECE_r2": 0.07582489248200283,
  "KSerror": 0.06544346725463868,
  "ECE_s_r2": 0.07770650270050179,
  "ECE_s_r1": 0.06542986914455891,
  "MMCE": 0.051914412257098703,
  "tCWECE_k": 0.025655056007067252,
  "tCWECE": 0.03614589547547704,
  "SKCE": 1.0269144844870653e-05,
  "DKDE_CE": 0.027159715814246848
}