{
  "nll": 0.8024011850357056,
  "ECE_ew": 0.06102961301803589,
  "ECE_em": 0.06042991578578949,
  "CWECE_a": 0.00032059114892035723,
  "ACE": 0.034525582745780804,
  "CWECE_s": 0.3135510981082916,
  "dECE": 0.05998065353274348,
  "KDE_ECE": 0.060886793261872005,
  "CWECE_r2": 0.007780050596541305,
  "ECE_r2": 0.06834449682178917,
  "KSerror": 0.057703622665405296,
  "ECE_s_r2": 0.0683884176534359,
  "ECE_s_r1": 0.05843204454183579,
  "MMCE": 0.05371539257978108,
  "tCWECE_k": 0.023945707917200527,
  "tCWECE": 0.033955249572044335,
  "SKCE": 6.944102936558481e-06,
  "DKDE_CE": 0.08512217099163152
}