{
  "nll": 1.8022457361221313,
  "ECE_ew": 0.1878376007080078,
  "ECE_em": 0.18781670928001404,
  "CWECE_a": 0.0042120772413909435,
  "ACE": 0.29445036421007154,
  "CWECE_s": 0.42026785016059875,
  "dECE": 0.18783520461320885,
  "KDE_ECE": 0.18163040862734708,
  "CWECE_r2": 0.027245992282201547,
  "ECE_r2": 0.21584121306513432,
  "KSerror": 0.1878432909965515,
  "ECE_s_r2": 0.2471043864738405,
  "ECE_s_r1": 0.18783758722543717,
  "MMCE": 0.1587224621784831,
  "tCWECE_k": 0.14442485849533473,
  "tCWECE": 0.15787819585667456,
  "SKCE": 0.00027655799997997467,
  "DKDE_CE": 0.02878388096881628
}