{
  "nll": 0.4300587773323059,
  "ECE_ew": 0.05500265955924988,
  "ECE_em": 0.05489649251103401,
  "CWECE_a": 0.011403098702430725,
  "ACE": 0.19606982310701318,
  "CWECE_s": 0.11430294066667557,
  "dECE": 0.05486770254969599,
  "KDE_ECE": 0.05013465611616916,
  "CWECE_r2": 0.03200628735026168,
  "ECE_r2": 0.08226637839273811,
  "KSerror": 0.05493420944213867,
  "ECE_s_r2": 0.10246873922157346,
  "ECE_s_r1": 0.05493088798522949,
  "MMCE": 0.04870311367099644,
  "tCWECE_k": 0.05860505475813081,
  "tCWECE": 0.060965720332230286,
  "SKCE": 0.0002745220342894613,
  "DKDE_CE": 0.0020834676696821143
}