{
  "nll": 0.7467614412307739,
  "ECE_ew": 0.07137969136238098,
  "ECE_em": 0.06990755349397659,
  "CWECE_a": 0.0012460846919566393,
  "ACE": 0.14957392720644075,
  "CWECE_s": 0.24900487065315247,
  "dECE": 0.06946621435569986,
  "KDE_ECE": 0.06128965038624988,
  "CWECE_r2": 0.015302472454884624,
  "ECE_r2": 0.08613202446546753,
  "KSerror": 0.06961297396342836,
  "ECE_s_r2": 0.09074471109227224,
  "ECE_s_r1": 0.06960863839933942,
  "MMCE": 0.06100590388503938,
  "tCWECE_k": 0.07942574680334236,
  "tCWECE": 0.09760265496719561,
  "SKCE": 5.7674227822446235e-05,
  "DKDE_CE": 0.022913839071331713
}