{
  "nll": 1.693711757659912,
  "ECE_ew": 0.18480455875396729,
  "ECE_em": 0.1847861111164093,
  "CWECE_a": 0.004171574488282204,
  "ACE": 0.24664765402692757,
  "CWECE_s": 0.4164375960826874,
  "dECE": 0.18479850368499756,
  "KDE_ECE": 0.17823480060006927,
  "CWECE_r2": 0.026405526546630326,
  "ECE_r2": 0.20911701857237064,
  "KSerror": 0.1848133103370666,
  "ECE_s_r2": 0.2283937864084362,
  "ECE_s_r1": 0.1848045279353857,
  "MMCE": 0.15266274922193693,
  "tCWECE_k": 0.11777173436522842,
  "tCWECE": 0.12994114824652045,
  "SKCE": 0.00022981624205993225,
  "DKDE_CE": 0.03131145257216448
}