{
  "nll": 0.31852492690086365,
  "ECE_ew": 0.014555340632796288,
  "ECE_em": 0.011067185550928116,
  "CWECE_a": 0.0009509900701232255,
  "ACE": 0.05629961908399324,
  "CWECE_s": 0.1836676001548767,
  "dECE": 0.0077448895201087005,
  "KDE_ECE": 0.013540044991979812,
  "CWECE_r2": 0.01528625129847835,
  "ECE_r2": 0.026661748738665638,
  "KSerror": 0.004451830707379201,
  "ECE_s_r2": 0.008524639462809852,
  "ECE_s_r1": 0.00848862770481487,
  "MMCE": 0.0067261801521600875,
  "tCWECE_k": 0.04866334436436413,
  "tCWECE": 0.06686418139927698,
  "SKCE": 1.1016021322284771e-05,
  "DKDE_CE": 0.01116645835303944
}