{
  "nll": 0.9094279408454895,
  "ECE_ew": 0.019434204325079918,
  "ECE_em": 0.018912889063358307,
  "CWECE_a": 0.00031029843376018107,
  "ACE": 0.024913577722627336,
  "CWECE_s": 0.30453526973724365,
  "dECE": 0.018004117629528048,
  "KDE_ECE": 0.01517338224322763,
  "CWECE_r2": 0.008424733540049766,
  "ECE_r2": 0.023345894797969082,
  "KSerror": 0.008387292144298564,
  "ECE_s_r2": 0.02221838417696626,
  "ECE_s_r1": 0.01869348987936973,
  "MMCE": 0.00979549992343423,
  "tCWECE_k": 0.014313743611802916,
  "tCWECE": 0.02099641985198745,
  "SKCE": 8.300241309962287e-06,
  "DKDE_CE": 0.02536679341370189
}