{
  "nll": 1.091491937637329,
  "ECE_ew": 0.01764494553208351,
  "ECE_em": 0.019219785928726196,
  "CWECE_a": 0.0020773999858647585,
  "ACE": 0.02537238845656302,
  "CWECE_s": 0.20162008702754974,
  "dECE": 0.01779314052462578,
  "KDE_ECE": 0.014705125607767907,
  "CWECE_r2": 0.016485700865451848,
  "ECE_r2": 0.02132159618786259,
  "KSerror": 0.006044755458831763,
  "ECE_s_r2": 0.017898905350243726,
  "ECE_s_r1": 0.015437672650814045,
  "MMCE": 0.008298191691661653,
  "tCWECE_k": 0.027274283652649042,
  "tCWECE": 0.03351696876463619,
  "SKCE": 1.7845405702357393e-05,
  "DKDE_CE": 0.02185952000816405
}