{
  "nll": 0.9444270730018616,
  "ECE_ew": 0.012831486761569977,
  "ECE_em": 0.012899165041744709,
  "CWECE_a": 0.0018752248724922538,
  "ACE": 0.015916043568466817,
  "CWECE_s": 0.18588660657405853,
  "dECE": 0.010499555143713951,
  "KDE_ECE": 0.009554824525804662,
  "CWECE_r2": 0.01616161348216546,
  "ECE_r2": 0.014350154521670069,
  "KSerror": 0.008473613548278802,
  "ECE_s_r2": 0.013687740010135967,
  "ECE_s_r1": 0.010738832108676434,
  "MMCE": 0.007143348769353559,
  "tCWECE_k": 0.029511653737263978,
  "tCWECE": 0.03689549763671098,
  "SKCE": 4.634444758862858e-05,
  "DKDE_CE": 0.017072254682532106
}