{
  "nll": 0.9421097636222839,
  "ECE_ew": 0.020177695900201797,
  "ECE_em": 0.019924484193325043,
  "CWECE_a": 0.00031535507878288627,
  "ACE": 0.023884778692889557,
  "CWECE_s": 0.30934906005859375,
  "dECE": 0.019413482775092132,
  "KDE_ECE": 0.01621382922984103,
  "CWECE_r2": 0.008473755290411649,
  "ECE_r2": 0.023120868686665134,
  "KSerror": 0.008210321650505059,
  "ECE_s_r2": 0.023876637129632238,
  "ECE_s_r1": 0.020505089376568798,
  "MMCE": 0.011188084621596317,
  "tCWECE_k": 0.01401251373576008,
  "tCWECE": 0.02063280416940122,
  "SKCE": 7.998048299205498e-06,
  "DKDE_CE": 0.026293186741573285
}