{
  "nll": 1.057081937789917,
  "ECE_ew": 0.010700177401304245,
  "ECE_em": 0.007234909106045961,
  "CWECE_a": 0.001973838312551379,
  "ACE": 0.014020129069703333,
  "CWECE_s": 0.18780940771102905,
  "dECE": 0.0016604899212717995,
  "KDE_ECE": 0.01002682441375837,
  "CWECE_r2": 0.016277230232928472,
  "ECE_r2": 0.015174430341478676,
  "KSerror": 0.0046635748863220194,
  "ECE_s_r2": 0.011027559856632925,
  "ECE_s_r1": 0.007843196068704135,
  "MMCE": 0.0032807032654623954,
  "tCWECE_k": 0.027298202145672797,
  "tCWECE": 0.03509768135366144,
  "SKCE": 3.735885492861106e-05,
  "DKDE_CE": 0.024161468003542668
}