{
  "nll": 0.2089228481054306,
  "ECE_ew": 0.00861071702092886,
  "ECE_em": 0.007646711077541113,
  "CWECE_a": 0.0043671755120158195,
  "ACE": 0.05690774789996445,
  "CWECE_s": 0.043087366968393326,
  "dECE": 0.0059788138002157196,
  "KDE_ECE": 0.011361133860176918,
  "CWECE_r2": 0.017633250598567234,
  "ECE_r2": 0.021121279970156306,
  "KSerror": 0.006437593555450483,
  "ECE_s_r2": 0.011714891353936139,
  "ECE_s_r1": 0.006290431392192832,
  "MMCE": 0.005695043932282261,
  "tCWECE_k": 0.02255571131422119,
  "tCWECE": 0.02874881806609387,
  "SKCE": 2.3585345518639174e-05,
  "DKDE_CE": 0.0014599198057579739
}