{
  "nll": 0.29425209760665894,
  "ECE_ew": 0.015419337898492813,
  "ECE_em": 0.01542962621897459,
  "CWECE_a": 0.0008746616076678038,
  "ACE": 0.06786766651208084,
  "CWECE_s": 0.17019976675510406,
  "dECE": 0.013592613488435747,
  "KDE_ECE": 0.01483724037885589,
  "CWECE_r2": 0.01431957337005603,
  "ECE_r2": 0.025590013288083496,
  "KSerror": 0.007166578364906029,
  "ECE_s_r2": 0.014985500345562805,
  "ECE_s_r1": 0.013191866518846204,
  "MMCE": 0.00823556173173004,
  "tCWECE_k": 0.05035551321892243,
  "tCWECE": 0.06690182521634394,
  "SKCE": 9.02069299098464e-06,
  "DKDE_CE": 0.010416969959356988
}