{
  "nll": 0.5660598874092102,
  "ECE_ew": 0.03229282796382904,
  "ECE_em": 0.032176680862903595,
  "CWECE_a": 0.0013324697501957417,
  "ACE": 0.11001643347924858,
  "CWECE_s": 0.26261603832244873,
  "dECE": 0.03018981173845421,
  "KDE_ECE": 0.02544049718608552,
  "CWECE_r2": 0.01699076434249295,
  "ECE_r2": 0.05274561775768497,
  "KSerror": 0.01502239529890853,
  "ECE_s_r2": 0.03838912818155988,
  "ECE_s_r1": 0.030700954839119148,
  "MMCE": 0.01661930607381018,
  "tCWECE_k": 0.04424439246155383,
  "tCWECE": 0.05884002393148121,
  "SKCE": 3.107485928014056e-05,
  "DKDE_CE": 0.01846786336247289
}