{
  "nll": 0.767922043800354,
  "ECE_ew": 0.016737869009375572,
  "ECE_em": 0.01511909905821085,
  "CWECE_a": 0.00028865275089628994,
  "ACE": 0.021488698086753542,
  "CWECE_s": 0.28351593017578125,
  "dECE": 0.014209521069526675,
  "KDE_ECE": 0.01670346041401177,
  "CWECE_r2": 0.00797682407242154,
  "ECE_r2": 0.017355180920692957,
  "KSerror": 0.004982365236282371,
  "ECE_s_r2": 0.015717774623985367,
  "ECE_s_r1": 0.014900580403804773,
  "MMCE": 0.00662894410898146,
  "tCWECE_k": 0.0201611071964611,
  "tCWECE": 0.0307186259311487,
  "SKCE": 5.968068628501066e-06,
  "DKDE_CE": 0.028821948346752214
}