{
  "nll": 0.1915147602558136,
  "ECE_ew": 0.00824267603456974,
  "ECE_em": 0.006707921624183655,
  "CWECE_a": 0.004872926510870457,
  "ACE": 0.039721172169292544,
  "CWECE_s": 0.04777315631508827,
  "dECE": 0.0058325421102344965,
  "KDE_ECE": 0.011688306381398905,
  "CWECE_r2": 0.022042617371232493,
  "ECE_r2": 0.01671576623789776,
  "KSerror": 0.002866911590099337,
  "ECE_s_r2": 0.0031637468610668552,
  "ECE_s_r1": 0.001955314183235163,
  "MMCE": 0.0031387814279651683,
  "tCWECE_k": 0.029014144793989605,
  "tCWECE": 0.032284265800691284,
  "SKCE": 0.00011129012958027552,
  "DKDE_CE": 0.001097600899167951
}