{
  "nll": 0.7630415558815002,
  "ECE_ew": 0.036727309226989746,
  "ECE_em": 0.0371258482336998,
  "CWECE_a": 0.000268143747234717,
  "ACE": 0.04255889331797638,
  "CWECE_s": 0.2628505229949951,
  "dECE": 0.03712041942954064,
  "KDE_ECE": 0.03632495072725844,
  "CWECE_r2": 0.007517372179843667,
  "ECE_r2": 0.041646589561613656,
  "KSerror": 0.016770933132171623,
  "ECE_s_r2": 0.040388511993457644,
  "ECE_s_r1": 0.03647426212310791,
  "MMCE": 0.01494271645317544,
  "tCWECE_k": 0.026221216182941483,
  "tCWECE": 0.03958647293511162,
  "SKCE": 4.950580670543556e-06,
  "DKDE_CE": 0.0447012137029767
}