{
  "nll": 0.22562123835086823,
  "ECE_ew": 0.010453094728291035,
  "ECE_em": 0.010649134404957294,
  "CWECE_a": 0.00415352638810873,
  "ACE": 0.034847278132326735,
  "CWECE_s": 0.04030875489115715,
  "dECE": 0.01022732216268778,
  "KDE_ECE": 0.01196896872118275,
  "CWECE_r2": 0.017403908691281705,
  "ECE_r2": 0.016851219803381084,
  "KSerror": 0.010360283374786339,
  "ECE_s_r2": 0.016403984060233634,
  "ECE_s_r1": 0.01035125093460081,
  "MMCE": 0.008381992766304145,
  "tCWECE_k": 0.018843869387756347,
  "tCWECE": 0.025577303775430466,
  "SKCE": 3.2176351863525626e-05,
  "DKDE_CE": 0.0012505198011183473
}