{
  "nll": 0.5860376358032227,
  "ECE_ew": 0.030723322182893753,
  "ECE_em": 0.02900535799562931,
  "CWECE_a": 0.0014568453188985586,
  "ACE": 0.05960721849817064,
  "CWECE_s": 0.27747300267219543,
  "dECE": 0.0266718301922083,
  "KDE_ECE": 0.028253561425686545,
  "CWECE_r2": 0.018498079781298808,
  "ECE_r2": 0.04995632302874324,
  "KSerror": 0.021061515259505503,
  "ECE_s_r2": 0.03869484010018988,
  "ECE_s_r1": 0.030060661699048304,
  "MMCE": 0.014532346804627653,
  "tCWECE_k": 0.04184629644515132,
  "tCWECE": 0.05702076152298684,
  "SKCE": 3.0792949580094365e-05,
  "DKDE_CE": 0.01674666197484113
}