{
  "nll": 0.07965235412120819,
  "ECE_ew": 0.00814479123800993,
  "ECE_em": 0.00792290922254324,
  "CWECE_a": 0.0022112387232482433,
  "ACE": 0.0659294890727429,
  "CWECE_s": 0.021897466853260994,
  "dECE": 0.007758782511392687,
  "KDE_ECE": 0.011329780986207736,
  "CWECE_r2": 0.011042600270953953,
  "ECE_r2": 0.01433533436458039,
  "KSerror": 0.00783353483449778,
  "ECE_s_r2": 0.012584231249516478,
  "ECE_s_r1": 0.007775139695545162,
  "MMCE": 0.0068437143912932616,
  "tCWECE_k": 0.011593861730354175,
  "tCWECE": 0.013566799693511858,
  "SKCE": 8.069993925214076e-06,
  "DKDE_CE": 0.0012222840088967695
}