{
  "nll": 1.110384225845337,
  "ECE_ew": 0.03506883233785629,
  "ECE_em": 0.03439616039395332,
  "CWECE_a": 0.0019432568224146962,
  "ACE": 0.03682427565575176,
  "CWECE_s": 0.1878124177455902,
  "KDE_ECE": 0.0291388062283636,
  "KSerror": 0.031712236595153764,
  "ECE_s_r2": 0.04074719917699034,
  "ECE_s_r1": 0.03339782842546702,
  "MMCE": 0.026042589816970968,
  "DKDE_CE": 0.020975618050464356,
  "dECE": 0.03321854544878006,
  "CWECE_r2": 0.017115524319187603,
  "ECE_r2": 0.04006937872050439,
  "tCWECE_k": 0.029950571101213873,
  "tCWECE": 0.03819605938162985,
  "SKCE": 3.884967145224046e-05
}