{
  "nll": 0.6532445549964905,
  "ECE_ew": 0.03439287096261978,
  "ECE_em": 0.030154617503285408,
  "CWECE_a": 0.0011573195224627852,
  "ACE": 0.06618642944178695,
  "CWECE_s": 0.22676217555999756,
  "KDE_ECE": 0.022039031597251284,
  "KSerror": 0.030174361536080663,
  "ECE_s_r2": 0.038242829258300845,
  "ECE_s_r1": 0.030174024688567967,
  "MMCE": 0.027666662974315945,
  "DKDE_CE": 0.018247981357512075,
  "dECE": 0.027003293524569878,
  "CWECE_r2": 0.015151450188299512,
  "ECE_r2": 0.04169386301418568,
  "tCWECE_k": 0.055344906519134776,
  "tCWECE": 0.0684068874717572,
  "SKCE": 2.3753930775149064e-05
}