{
  "nll": 0.6552662253379822,
  "ECE_ew": 0.031903259456157684,
  "ECE_em": 0.028478175401687622,
  "CWECE_a": 0.001347475335933268,
  "ACE": 0.03962939788573009,
  "CWECE_s": 0.26011690497398376,
  "KDE_ECE": 0.021511361789049943,
  "KSerror": 0.023722603368521944,
  "ECE_s_r2": 0.03675713905200609,
  "ECE_s_r1": 0.02694330228798427,
  "MMCE": 0.023057632519304743,
  "DKDE_CE": 0.017780996246801063,
  "dECE": 0.025905795271197962,
  "CWECE_r2": 0.017967664266531385,
  "ECE_r2": 0.03738318949549681,
  "tCWECE_k": 0.052125214654345,
  "tCWECE": 0.06578048345395904,
  "SKCE": 7.531620191880138e-05
}