{
  "nll": 1.0074888467788696,
  "ECE_ew": 0.0661926120519638,
  "ECE_em": 0.06609876453876495,
  "CWECE_a": 0.00029894811450503767,
  "ACE": 0.06520349046531396,
  "CWECE_s": 0.29413124918937683,
  "KDE_ECE": 0.0587677941123775,
  "KSerror": 0.06043682657241822,
  "ECE_s_r2": 0.0871304747303245,
  "ECE_s_r1": 0.0660978092855215,
  "MMCE": 0.05439718926562291,
  "DKDE_CE": 0.024780294919383224,
  "dECE": 0.06568850695133213,
  "CWECE_r2": 0.008383806501170234,
  "ECE_r2": 0.07900012788803373,
  "tCWECE_k": 0.02331336251034977,
  "tCWECE": 0.03130799217233075,
  "SKCE": 9.915841577682255e-06
}