{
  "nll": 0.8050427436828613,
  "ECE_ew": 0.027482895180583,
  "ECE_em": 0.027540886774659157,
  "CWECE_a": 0.00025124699459411204,
  "ACE": 0.05184750298991499,
  "CWECE_s": 0.24560178816318512,
  "KDE_ECE": 0.02710791758177849,
  "KSerror": 0.025879374961852997,
  "ECE_s_r2": 0.04373196653593256,
  "ECE_s_r1": 0.02655755785703659,
  "MMCE": 0.02227560436890546,
  "DKDE_CE": 0.028607898802773965,
  "dECE": 0.026374487392306335,
  "CWECE_r2": 0.007298727544393666,
  "ECE_r2": 0.04384250552624981,
  "tCWECE_k": 0.03358036019550275,
  "tCWECE": 0.048101842957480115,
  "SKCE": 7.006390669216918e-06
}