{
  "nll": 0.8029883503913879,
  "ECE_ew": 0.034457191824913025,
  "ECE_em": 0.03421503305435181,
  "CWECE_a": 0.0002699508040677756,
  "ACE": 0.04519224881849137,
  "CWECE_s": 0.26401814818382263,
  "KDE_ECE": 0.0318029132583388,
  "KSerror": 0.026638778858184775,
  "ECE_s_r2": 0.040500550795352856,
  "ECE_s_r1": 0.033532095394134515,
  "MMCE": 0.025239063968380444,
  "DKDE_CE": 0.022911633395489267,
  "dECE": 0.033990608590841284,
  "CWECE_r2": 0.007927693563731275,
  "ECE_r2": 0.04192783819228047,
  "tCWECE_k": 0.024722164471034626,
  "tCWECE": 0.03635106674505357,
  "SKCE": 8.212423959431174e-06
}