{
  "nll": 0.39132624864578247,
  "ECE_ew": 0.025294162333011627,
  "ECE_em": 0.025149600580334663,
  "CWECE_a": 0.000879549712408334,
  "ACE": 0.05388807518964423,
  "CWECE_s": 0.16992539167404175,
  "KDE_ECE": 0.018978011526705012,
  "KSerror": 0.025116694922470928,
  "ECE_s_r2": 0.03225053556265931,
  "ECE_s_r1": 0.02511456048310692,
  "MMCE": 0.020975454829765667,
  "DKDE_CE": 0.011091863421212081,
  "dECE": 0.02491182001928488,
  "CWECE_r2": 0.0144787957243969,
  "ECE_r2": 0.03554482094151642,
  "tCWECE_k": 0.055252930601879975,
  "tCWECE": 0.07174446017433003,
  "SKCE": 2.0676410802187938e-05
}