{
  "nll": 0.9737827181816101,
  "ECE_ew": 0.026765670627355576,
  "ECE_em": 0.0256836898624897,
  "CWECE_a": 0.0018597261514514685,
  "ACE": 0.026648320569601258,
  "CWECE_s": 0.1791871339082718,
  "KDE_ECE": 0.019472456937382823,
  "KSerror": 0.025693680477142378,
  "ECE_s_r2": 0.027799225085805165,
  "ECE_s_r1": 0.025691863644123077,
  "MMCE": 0.020136906415832597,
  "DKDE_CE": 0.01715363027691625,
  "dECE": 0.02436277708709239,
  "CWECE_r2": 0.016328923301125477,
  "ECE_r2": 0.028415932576044148,
  "tCWECE_k": 0.029628648890397655,
  "tCWECE": 0.04000005375846464,
  "SKCE": 3.185120230441397e-05
}