{
  "nll": 1.0729892253875732,
  "ECE_ew": 0.020747024565935135,
  "ECE_em": 0.01985699124634266,
  "CWECE_a": 0.0019683062564581633,
  "ACE": 0.021717608428984757,
  "CWECE_s": 0.1864527463912964,
  "KDE_ECE": 0.017559840903119028,
  "KSerror": 0.017422002124786395,
  "ECE_s_r2": 0.023121647508209615,
  "ECE_s_r1": 0.020125842842459676,
  "MMCE": 0.014560911930576325,
  "DKDE_CE": 0.024596006006196255,
  "dECE": 0.01749459816515446,
  "CWECE_r2": 0.017134894482378513,
  "ECE_r2": 0.023406518874922934,
  "tCWECE_k": 0.028039173664241177,
  "tCWECE": 0.03725296394183003,
  "SKCE": 3.165408743428855e-05
}