{
  "nll": 0.3722604811191559,
  "ECE_ew": 0.027320072054862976,
  "ECE_em": 0.022435005754232407,
  "CWECE_a": 0.0008217823342420161,
  "ACE": 0.06807288668069425,
  "CWECE_s": 0.15889614820480347,
  "KDE_ECE": 0.018408927812373105,
  "KSerror": 0.021772266798351536,
  "ECE_s_r2": 0.02812795397779084,
  "ECE_s_r1": 0.021770248721488073,
  "MMCE": 0.020275429860531234,
  "DKDE_CE": 0.010432449910448477,
  "dECE": 0.02132263891398907,
  "CWECE_r2": 0.013354160147470194,
  "ECE_r2": 0.036450350614014436,
  "tCWECE_k": 0.05659875023884868,
  "tCWECE": 0.06958119143291168,
  "SKCE": 1.9019019926356008e-05
}