{
  "nll": 0.08150012791156769,
  "ECE_ew": 0.00671006552875042,
  "ECE_em": 0.0060288733802735806,
  "CWECE_a": 0.002208480378612876,
  "ACE": 0.08001689895371696,
  "CWECE_s": 0.021570906043052673,
  "KDE_ECE": 0.010078169511921881,
  "KSerror": 0.005513126526277445,
  "ECE_s_r2": 0.009318914368080846,
  "ECE_s_r1": 0.005992742517497124,
  "MMCE": 0.004497675925199252,
  "DKDE_CE": 0.0010109826175105816,
  "dECE": 0.005841630754263107,
  "CWECE_r2": 0.013081008545011093,
  "ECE_r2": 0.016349873320780188,
  "tCWECE_k": 0.010799473611266267,
  "tCWECE": 0.013735986914878729,
  "SKCE": 2.2995107064298022e-05
}