{
  "nll": 0.20938396453857422,
  "ECE_ew": 0.013066991232335567,
  "ECE_em": 0.010948138311505318,
  "CWECE_a": 0.0037166965194046497,
  "ACE": 0.047836193547134094,
  "CWECE_s": 0.036832332611083984,
  "KDE_ECE": 0.014223595960423894,
  "KSerror": 0.009569170284271289,
  "ECE_s_r2": 0.014863375892132522,
  "ECE_s_r1": 0.009565903836488745,
  "MMCE": 0.009113692694580502,
  "DKDE_CE": 0.0016098260783811767,
  "dECE": 0.009932429753243918,
  "CWECE_r2": 0.01864161110288447,
  "ECE_r2": 0.024254211227790094,
  "tCWECE_k": 0.019330288416149366,
  "tCWECE": 0.025471699958394167,
  "SKCE": 1.9793434329407873e-05
}