{
  "nll": 1.0506348609924316,
  "ECE_ew": 0.07393144816160202,
  "ECE_em": 0.07252424210309982,
  "CWECE_a": 0.0003067251527681947,
  "ACE": 0.08414765595177158,
  "CWECE_s": 0.3017385005950928,
  "KDE_ECE": 0.0655880900641138,
  "KSerror": 0.06298846622467036,
  "ECE_s_r2": 0.09230409441966372,
  "ECE_s_r1": 0.07187016094446182,
  "MMCE": 0.057323407086459895,
  "DKDE_CE": 0.025682048251453763,
  "dECE": 0.07233272880077363,
  "CWECE_r2": 0.008456859396180098,
  "ECE_r2": 0.08575098904143426,
  "tCWECE_k": 0.023117900778724675,
  "tCWECE": 0.030536655622229424,
  "SKCE": 9.986798691128106e-06
}