{
  "nll": 0.22566330432891846,
  "ECE_ew": 0.012035707011818886,
  "ECE_em": 0.010541594587266445,
  "CWECE_a": 0.003723396686837077,
  "ACE": 0.049314513328577614,
  "CWECE_s": 0.03800847753882408,
  "KDE_ECE": 0.013598149224443721,
  "KSerror": 0.0105566703796387,
  "ECE_s_r2": 0.015576945831815608,
  "ECE_s_r1": 0.010534144210815442,
  "MMCE": 0.009182392287688431,
  "DKDE_CE": 0.0014863511992980784,
  "dECE": 0.009682146909832955,
  "CWECE_r2": 0.016760393201537112,
  "ECE_r2": 0.019758079851958866,
  "tCWECE_k": 0.01970535667142976,
  "tCWECE": 0.023927615503678522,
  "SKCE": 2.25726717016935e-05
}