{
  "nll": 0.18367263674736023,
  "ECE_ew": 0.007791224867105484,
  "ECE_em": 0.006811696570366621,
  "CWECE_a": 0.002898149425163865,
  "ACE": 0.03183258339843537,
  "CWECE_s": 0.029150109738111496,
  "KDE_ECE": 0.012110857470472905,
  "KSerror": 0.003819463348388674,
  "ECE_s_r2": 0.011189477077194187,
  "ECE_s_r1": 0.006097707211971287,
  "MMCE": 0.004513927422044397,
  "DKDE_CE": 0.0011147906826987056,
  "dECE": 0.0058240981683135035,
  "CWECE_r2": 0.01536473107858273,
  "ECE_r2": 0.014238765272234449,
  "tCWECE_k": 0.017314642089376716,
  "tCWECE": 0.020730777641500702,
  "SKCE": 1.7239357043197307e-05
}