{
  "nll": 1.4639629966706875,
  "ECE_ew": 0.03975406289100647,
  "ECE_em": 0.03431345522403717,
  "CWECE_a": 0.0024667619727551937,
  "ACE": 0.0749626250874826,
  "CWECE_s": 0.24086207151412964,
  "dECE": 0.03323243518281916,
  "KDE_ECE": 0.04517499764712104,
  "CWECE_r2": 0.014755392119611705,
  "ECE_r2": 0.04986245316314995,
  "KSerror": 0.022277614462986955,
  "ECE_s_r2": 0.0432758907854589,
  "ECE_s_r1": 0.038480943392310715,
  "MMCE": 0.02101816842646219,
  "tCWECE_k": 0.030346998245597893,
  "tCWECE": 0.033236027336050994,
  "SKCE": 0.00017450233464602976,
  "DKDE_CE": 0.025637094543660862
}