{
  "nll": 0.2740611407847904,
  "ECE_ew": 0.007968966849148273,
  "ECE_em": 0.006845974363386631,
  "CWECE_a": 0.004083042498677969,
  "ACE": 0.10343065871867568,
  "CWECE_s": 0.03962093964219093,
  "dECE": 0.004852667021042707,
  "KDE_ECE": 0.01784365315187608,
  "CWECE_r2": 0.015791609094101294,
  "ECE_r2": 0.019690290379745803,
  "KSerror": 0.005533356202037709,
  "ECE_s_r2": 0.01629937579196487,
  "ECE_s_r1": 0.00869064680068346,
  "MMCE": 0.004632060878193665,
  "tCWECE_k": 0.023484200294938834,
  "tCWECE": 0.02686428901567573,
  "SKCE": 1.7519715343719646e-05,
  "DKDE_CE": 0.001023769994504477
}