{
  "nll": 2.952575837526845,
  "ECE_ew": 0.03073003701865673,
  "ECE_em": 0.03023274801671505,
  "CWECE_a": 0.0004396133008413017,
  "ACE": 0.10611806442373488,
  "CWECE_s": 0.4304228127002716,
  "dECE": 0.03016142943253733,
  "KDE_ECE": 0.04195038709878936,
  "CWECE_r2": 0.007057401072521922,
  "ECE_r2": 0.04388402784080632,
  "KSerror": 0.030335670608018436,
  "ECE_s_r2": 0.03759510435191784,
  "ECE_s_r1": 0.0302328057222737,
  "MMCE": 0.024330895360167193,
  "tCWECE_k": 0.006472209915599643,
  "tCWECE": 0.006443783878220172,
  "SKCE": 5.088659336489955e-05,
  "DKDE_CE": 0.07938023346656439
}