{
  "nll": 0.18504168226446352,
  "ECE_ew": 0.008397860452532768,
  "ECE_em": 0.007537304423749447,
  "CWECE_a": 0.004740927368402481,
  "ACE": 0.037563473292568275,
  "CWECE_s": 0.04704665765166283,
  "dECE": 0.00657259150670066,
  "KDE_ECE": 0.014592782526111321,
  "CWECE_r2": 0.018277132639702966,
  "ECE_r2": 0.014181510941152754,
  "KSerror": 0.005163191064884054,
  "ECE_s_r2": 0.007207320482150853,
  "ECE_s_r1": 0.00535922615640752,
  "MMCE": 0.005405674352108194,
  "tCWECE_k": 0.027947524807704616,
  "tCWECE": 0.03004424234962345,
  "SKCE": 0.0001309274549590949,
  "DKDE_CE": 0.004838744212518279
}