{
  "nll": 1.893774425386311,
  "ECE_ew": 0.04114712402224541,
  "ECE_em": 0.03756571561098099,
  "CWECE_a": 0.002368384972214699,
  "ACE": 0.06125749753970682,
  "CWECE_s": 0.4565659463405609,
  "dECE": 0.03471549338808902,
  "KDE_ECE": 0.04755527105661004,
  "CWECE_r2": 0.019579786106821675,
  "ECE_r2": 0.052292051131270986,
  "KSerror": 0.03657865811796371,
  "ECE_s_r2": 0.04487347078934251,
  "ECE_s_r1": 0.03670004406349009,
  "MMCE": 0.03018759982002934,
  "tCWECE_k": 0.031203809842110415,
  "tCWECE": 0.03443108947035048,
  "SKCE": 0.00022259669999350078,
  "DKDE_CE": 0.09362563442362196
}