{
  "nll": 1.6014631926953433,
  "ECE_ew": 0.0428568534553051,
  "ECE_em": 0.039591167122125626,
  "CWECE_a": 0.0025984039530158043,
  "ACE": 0.08201765525590053,
  "CWECE_s": 0.2533761262893677,
  "dECE": 0.03717771174727456,
  "KDE_ECE": 0.0446920208814098,
  "CWECE_r2": 0.015289602912065367,
  "ECE_r2": 0.05353113987400576,
  "KSerror": 0.022550588696251372,
  "ECE_s_r2": 0.05075261924514043,
  "ECE_s_r1": 0.03974254152344694,
  "MMCE": 0.02256298286554466,
  "tCWECE_k": 0.031462105657361635,
  "tCWECE": 0.03494956358665223,
  "SKCE": 0.00017013909504546329,
  "DKDE_CE": 0.041647845786437404
}