{
  "nll": 1.709494347943047,
  "ECE_ew": 0.027225477620959282,
  "ECE_em": 0.02802734449505806,
  "CWECE_a": 0.002288473304361105,
  "ACE": 0.048725254345146476,
  "CWECE_s": 0.44005683064460754,
  "dECE": 0.024295887533566533,
  "KDE_ECE": 0.032850464524271775,
  "CWECE_r2": 0.019415908242171546,
  "ECE_r2": 0.034249024140423225,
  "KSerror": 0.01224728739726022,
  "ECE_s_r2": 0.031080718635030473,
  "ECE_s_r1": 0.023760937827700532,
  "MMCE": 0.011882409330924448,
  "tCWECE_k": 0.029437339121765174,
  "tCWECE": 0.03383421305594467,
  "SKCE": 6.908628162578402e-05,
  "DKDE_CE": 0.04512116413924767
}