{
  "nll": 1.8463326712264252,
  "ECE_ew": 0.04813753813505173,
  "ECE_em": 0.04758623242378235,
  "CWECE_a": 0.002404295140877366,
  "ACE": 0.10283771762420975,
  "CWECE_s": 0.45825833082199097,
  "dECE": 0.04497938171547957,
  "KDE_ECE": 0.057014661623178815,
  "CWECE_r2": 0.020081141084223708,
  "ECE_r2": 0.06744200474297023,
  "KSerror": 0.047708724290005305,
  "ECE_s_r2": 0.05450393963601345,
  "ECE_s_r1": 0.047588487103158036,
  "MMCE": 0.03774041082764858,
  "tCWECE_k": 0.033444334482928294,
  "tCWECE": 0.037666325547704244,
  "SKCE": 0.00023535001843979564,
  "DKDE_CE": 0.09376659925972107
}