{
  "nll": 3.6778262165961153,
  "ECE_ew": 0.016522599384188652,
  "ECE_em": 0.0155522171407938,
  "CWECE_a": 0.00041088604484684765,
  "ACE": 0.15871221088556967,
  "CWECE_s": 0.3991667628288269,
  "dECE": 0.015485130312835837,
  "KDE_ECE": 0.022163883700015985,
  "CWECE_r2": 0.004741168453362045,
  "ECE_r2": 0.03809082093887999,
  "KSerror": 0.012509910675226117,
  "ECE_s_r2": 0.017746971132832898,
  "ECE_s_r1": 0.01463741481019904,
  "MMCE": 0.01038696991636045,
  "tCWECE_k": 0.008395391855356156,
  "tCWECE": 0.006221527718798832,
  "SKCE": 8.173571982776116e-05,
  "DKDE_CE": 0.05416786162217682
}