{
  "nll": 2.9676289052347444,
  "ECE_ew": 0.031680453568696976,
  "ECE_em": 0.030887356027960777,
  "CWECE_a": 0.0004437620809767395,
  "ACE": 0.08873337764743014,
  "CWECE_s": 0.43657442927360535,
  "dECE": 0.03084537393287502,
  "KDE_ECE": 0.04262003224881107,
  "CWECE_r2": 0.007207021608227924,
  "ECE_r2": 0.04243230695973935,
  "KSerror": 0.03130601912057361,
  "ECE_s_r2": 0.04036294153790882,
  "ECE_s_r1": 0.03115519800848583,
  "MMCE": 0.025319982047217034,
  "tCWECE_k": 0.00670184258291628,
  "tCWECE": 0.006687752804787719,
  "SKCE": 5.668355743157616e-05,
  "DKDE_CE": 0.07792622012387383
}