{
  "nll": 3.406810725843038,
  "ECE_ew": 0.019834408536553383,
  "ECE_em": 0.020604221150279045,
  "CWECE_a": 0.00040734768845140934,
  "ACE": 0.15646226694526197,
  "CWECE_s": 0.39916786551475525,
  "dECE": 0.02056335526543157,
  "KDE_ECE": 0.021334458725615887,
  "CWECE_r2": 0.005852171619247052,
  "ECE_r2": 0.03273936426980919,
  "KSerror": 0.015266810483131332,
  "ECE_s_r2": 0.025961584344942387,
  "ECE_s_r1": 0.019833537209424577,
  "MMCE": 0.011836413058846283,
  "tCWECE_k": 0.006514492029873773,
  "tCWECE": 0.005675176128791996,
  "SKCE": 5.238628147856559e-05,
  "DKDE_CE": 0.04452260577265143
}