{
  "nll": 1.5443136848346697,
  "ECE_ew": 0.030629560351371765,
  "ECE_em": 0.03101775050163269,
  "CWECE_a": 0.002216031076386571,
  "ACE": 0.053198684273761086,
  "CWECE_s": 0.22158795595169067,
  "dECE": 0.02973426755703472,
  "KDE_ECE": 0.03463769067682527,
  "CWECE_r2": 0.014175061101613928,
  "ECE_r2": 0.03981541357209531,
  "KSerror": 0.0162972061573234,
  "ECE_s_r2": 0.03797636462082122,
  "ECE_s_r1": 0.03080043897447751,
  "MMCE": 0.01570988953922184,
  "tCWECE_k": 0.026210703003052935,
  "tCWECE": 0.028832020206370376,
  "SKCE": 9.293992431433561e-05,
  "DKDE_CE": 0.018394126453156686
}