{
  "nll": 0.25939038244793006,
  "ECE_ew": 0.009860403835773468,
  "ECE_em": 0.009602708742022514,
  "CWECE_a": 0.004806449171155691,
  "ACE": 0.07522319076630475,
  "CWECE_s": 0.04624445363879204,
  "dECE": 0.00852606584624131,
  "KDE_ECE": 0.020720700790793717,
  "CWECE_r2": 0.019313280911971997,
  "ECE_r2": 0.020632197766698737,
  "KSerror": 0.00902582340410979,
  "ECE_s_r2": 0.015507047664087337,
  "ECE_s_r1": 0.009037146077035964,
  "MMCE": 0.007088437009607421,
  "tCWECE_k": 0.027562800371219914,
  "tCWECE": 0.03208767671109632,
  "SKCE": 5.950802702717794e-05,
  "DKDE_CE": 0.0008159180070782014
}