{
  "nll": 1.8860596198295474,
  "ECE_ew": 0.04070034995675087,
  "ECE_em": 0.03831816837191582,
  "CWECE_a": 0.0023252684623003006,
  "ACE": 0.08066735859409269,
  "CWECE_s": 0.4383029639720917,
  "dECE": 0.03742297127412161,
  "KDE_ECE": 0.05052545956090244,
  "CWECE_r2": 0.019271961486605833,
  "ECE_r2": 0.04764442096702259,
  "KSerror": 0.03858455890751422,
  "ECE_s_r2": 0.04309150258870845,
  "ECE_s_r1": 0.0367083332217335,
  "MMCE": 0.030103834186904804,
  "tCWECE_k": 0.02842812249481612,
  "tCWECE": 0.0322308787107873,
  "SKCE": 0.00019540157720603955,
  "DKDE_CE": 0.04937089457493126
}