{
  "nll": 0.2849382424992021,
  "ECE_ew": 0.006141481921076775,
  "ECE_em": 0.0041103120893239975,
  "CWECE_a": 0.005081540439277887,
  "ACE": 0.06422087903745259,
  "CWECE_s": 0.049846142530441284,
  "dECE": 0.0016364319981428945,
  "KDE_ECE": 0.015311232202759907,
  "CWECE_r2": 0.02002014871568549,
  "ECE_r2": 0.018583135743667885,
  "KSerror": 0.002683804580187764,
  "ECE_s_r2": 0.0026913142681290456,
  "ECE_s_r1": 0.001985080364477676,
  "MMCE": 0.0019081156796815638,
  "tCWECE_k": 0.02923801917173695,
  "tCWECE": 0.03316281584658371,
  "SKCE": 9.156277653312116e-05,
  "DKDE_CE": 0.0010407775867164685
}