{
  "nll": 0.746761567568694,
  "ECE_ew": 0.07137967646121979,
  "ECE_em": 0.0699075385928154,
  "CWECE_a": 0.0012460848083719611,
  "ACE": 0.14829543824405478,
  "CWECE_s": 0.24900490045547485,
  "dECE": 0.06946004789500816,
  "KDE_ECE": 0.061289643950070694,
  "CWECE_r2": 0.015302471799596422,
  "ECE_r2": 0.08613203364053817,
  "KSerror": 0.06960863494428882,
  "ECE_s_r2": 0.09074470400109112,
  "ECE_s_r1": 0.06960862523132057,
  "MMCE": 0.06100587930712461,
  "tCWECE_k": 0.079894868148984,
  "tCWECE": 0.09760265388048493,
  "SKCE": 5.7674219781461406e-05,
  "DKDE_CE": 0.022913839084698292
}