{
  "nll": 0.08542277563615108,
  "ECE_ew": 0.008621959015727043,
  "ECE_em": 0.008433472365140915,
  "CWECE_a": 0.001980703556910157,
  "ACE": 0.10345432316883763,
  "CWECE_s": 0.01940341852605343,
  "dECE": 0.008417555395946396,
  "KDE_ECE": 0.007380245469869271,
  "CWECE_r2": 0.012964065151394468,
  "ECE_r2": 0.02258843941377336,
  "KSerror": 0.008440168865930242,
  "ECE_s_r2": 0.013158504750930087,
  "ECE_s_r1": 0.00844014279042124,
  "MMCE": 0.007361497385765162,
  "tCWECE_k": 0.011184062865421177,
  "tCWECE": 0.013307153899143245,
  "SKCE": 6.001406322766937e-06,
  "DKDE_CE": 0.0007106196588175522
}