{
  "nll": 0.3820893278598129,
  "ECE_ew": 0.04505433887243271,
  "ECE_em": 0.04472879320383072,
  "CWECE_a": 0.009664311073720455,
  "ACE": 0.18955946866714754,
  "CWECE_s": 0.09529927372932434,
  "dECE": 0.04471020360220128,
  "KDE_ECE": 0.04060030856106777,
  "CWECE_r2": 0.029543767824334977,
  "ECE_r2": 0.06603665516342108,
  "KSerror": 0.0447565942536694,
  "ECE_s_r2": 0.08075422486776872,
  "ECE_s_r1": 0.0447565942536623,
  "MMCE": 0.04057762961668937,
  "tCWECE_k": 0.047868961994362066,
  "tCWECE": 0.051640656450579525,
  "SKCE": 0.0002654756133931636,
  "DKDE_CE": 0.002108995777588786
}