{
  "nll": 0.43005887307186097,
  "ECE_ew": 0.05500268563628197,
  "ECE_em": 0.05489649251103401,
  "CWECE_a": 0.01140309777110815,
  "ACE": 0.17053054058957734,
  "CWECE_s": 0.11430294066667557,
  "dECE": 0.054882483087027596,
  "KDE_ECE": 0.050134658489698905,
  "CWECE_r2": 0.0320062882497389,
  "ECE_r2": 0.08226639991759255,
  "KSerror": 0.0549308773026187,
  "ECE_s_r2": 0.09994444104088795,
  "ECE_s_r1": 0.054930877302610905,
  "MMCE": 0.048702978184360195,
  "tCWECE_k": 0.05905537105097118,
  "tCWECE": 0.060965720338369514,
  "SKCE": 0.0002745220297353119,
  "DKDE_CE": 0.002083467455180207
}