{
  "nll": 2.0182433495326637,
  "ECE_ew": 0.2115628570318222,
  "ECE_em": 0.21154221892356873,
  "CWECE_a": 0.004754095338284969,
  "ACE": 0.2500648923367547,
  "CWECE_s": 0.47026219964027405,
  "dECE": 0.2115362171457779,
  "KDE_ECE": 0.20532340593293444,
  "CWECE_r2": 0.02902551167490836,
  "ECE_r2": 0.2333562237477214,
  "KSerror": 0.21156284429106464,
  "ECE_s_r2": 0.2662239563889016,
  "ECE_s_r1": 0.21156284429105696,
  "MMCE": 0.17804251385948566,
  "tCWECE_k": 0.15270602101921998,
  "tCWECE": 0.16662495569029925,
  "SKCE": 0.0003222909460069346,
  "DKDE_CE": 0.03669200232773466
}