{
  "nll": 0.8024010366978921,
  "ECE_ew": 0.061029646545648575,
  "ECE_em": 0.060429904609918594,
  "CWECE_a": 0.00032059114892035723,
  "ACE": 0.03452558129174517,
  "CWECE_s": 0.3135510981082916,
  "dECE": 0.0599806641081299,
  "KDE_ECE": 0.06088678911484868,
  "CWECE_r2": 0.007780050609382793,
  "ECE_r2": 0.06834448586901755,
  "KSerror": 0.05769788476793736,
  "ECE_s_r2": 0.06838842304827306,
  "ECE_s_r1": 0.05843204368257489,
  "MMCE": 0.05371531895703178,
  "tCWECE_k": 0.023874918422492186,
  "tCWECE": 0.03395520158395695,
  "SKCE": 6.944102869542692e-06,
  "DKDE_CE": 0.08512217139995144
}