{
  "nll": 0.3582741489234432,
  "ECE_ew": 0.0475035160779953,
  "ECE_em": 0.04747393727302551,
  "CWECE_a": 0.009829040616750717,
  "ACE": 0.16258659187811045,
  "CWECE_s": 0.09845614433288574,
  "dECE": 0.04743426830628942,
  "KDE_ECE": 0.04336033936065147,
  "CWECE_r2": 0.027247708969866852,
  "ECE_r2": 0.06650977827690646,
  "KSerror": 0.047503508497410696,
  "ECE_s_r2": 0.09153234834679162,
  "ECE_s_r1": 0.04750350832022239,
  "MMCE": 0.04277352767346124,
  "tCWECE_k": 0.0501105796946673,
  "tCWECE": 0.05233420661101431,
  "SKCE": 0.0002218609112055451,
  "DKDE_CE": 0.0021647517446743863
}