{
  "nll": 0.9884789807512238,
  "ECE_ew": 0.06542984396219254,
  "ECE_em": 0.06542794406414032,
  "CWECE_a": 0.00032691878732293844,
  "ACE": 0.07582568941439378,
  "CWECE_s": 0.3184587061405182,
  "dECE": 0.0654301572838485,
  "KDE_ECE": 0.059766992262104635,
  "CWECE_r2": 0.008782069674555072,
  "ECE_r2": 0.07582507590447214,
  "KSerror": 0.0654298335116863,
  "ECE_s_r2": 0.07770647290715141,
  "ECE_s_r1": 0.06542983350663613,
  "MMCE": 0.05191384999440972,
  "tCWECE_k": 0.025598852980707073,
  "tCWECE": 0.03614386742197142,
  "SKCE": 1.0269141511077382e-05,
  "DKDE_CE": 0.027159711427878083
}