{
  "nll": 0.30535639508074874,
  "ECE_ew": 0.021831870079040527,
  "ECE_em": 0.020333044230937958,
  "CWECE_a": 0.0008417899371124804,
  "ACE": 0.07703757153100158,
  "CWECE_s": 0.16502828896045685,
  "dECE": 0.01917637648865543,
  "KDE_ECE": 0.014514077711888127,
  "CWECE_r2": 0.014116658732375022,
  "ECE_r2": 0.03244497304236026,
  "KSerror": 0.016841527023935265,
  "ECE_s_r2": 0.01965432497160167,
  "ECE_s_r1": 0.016841500861900283,
  "MMCE": 0.016490404599428604,
  "tCWECE_k": 0.05611589391798241,
  "tCWECE": 0.07379074906589271,
  "SKCE": 1.165059296229284e-05,
  "DKDE_CE": 0.01048598741618663
}