{
  "nll": 0.3299263501373271,
  "ECE_ew": 0.023846140131354332,
  "ECE_em": 0.02123149298131466,
  "CWECE_a": 0.0009030198561958969,
  "ACE": 0.06681505548781466,
  "CWECE_s": 0.1735295206308365,
  "dECE": 0.020470641022303022,
  "KDE_ECE": 0.01826668502696069,
  "CWECE_r2": 0.014916340118149017,
  "ECE_r2": 0.0344933089215598,
  "KSerror": 0.02125996309767597,
  "ECE_s_r2": 0.02595839970513904,
  "ECE_s_r1": 0.021259578580592152,
  "MMCE": 0.018476791041686806,
  "tCWECE_k": 0.05676206846893107,
  "tCWECE": 0.07571831310516017,
  "SKCE": 1.4287314429094351e-05,
  "DKDE_CE": 0.011400972570005347
}