{
  "nll": 1.693712118878989,
  "ECE_ew": 0.1848045289516449,
  "ECE_em": 0.18478605151176453,
  "CWECE_a": 0.004171574953943491,
  "ACE": 0.2334519899278233,
  "CWECE_s": 0.4164375960826874,
  "dECE": 0.1847984765069155,
  "KDE_ECE": 0.1782347940760556,
  "CWECE_r2": 0.026405525934531427,
  "ECE_r2": 0.20911698301286974,
  "KSerror": 0.18480452549812498,
  "ECE_s_r2": 0.22804186703805396,
  "ECE_s_r1": 0.1848045254981238,
  "MMCE": 0.1526624992811488,
  "tCWECE_k": 0.11777546368684433,
  "tCWECE": 0.12994114193524703,
  "SKCE": 0.00022981622001724459,
  "DKDE_CE": 0.031311450820705605
}