{
  "nll": 0.8236738861840021,
  "ECE_ew": 0.07301975041627884,
  "ECE_em": 0.07295629382133484,
  "CWECE_a": 0.0003559295437298715,
  "ACE": 0.07014480118709031,
  "CWECE_s": 0.3480699062347412,
  "dECE": 0.07295582944898735,
  "KDE_ECE": 0.07307379436970955,
  "CWECE_r2": 0.008350879182437659,
  "ECE_r2": 0.07542712300096342,
  "KSerror": 0.0729552906224401,
  "ECE_s_r2": 0.07569324600825958,
  "ECE_s_r1": 0.07295529062244226,
  "MMCE": 0.058521432907118524,
  "tCWECE_k": 0.017668479003797345,
  "tCWECE": 0.024570377767638034,
  "SKCE": 8.249649007806044e-06,
  "DKDE_CE": 0.06039137131061352
}