{
  "nll": 0.6126237044215668,
  "ECE_ew": 0.04206143319606781,
  "ECE_em": 0.03617556393146515,
  "CWECE_a": 0.0013825695496052504,
  "ACE": 0.0643018893930486,
  "CWECE_s": 0.26299768686294556,
  "dECE": 0.034054221568016595,
  "KDE_ECE": 0.03067826568541255,
  "CWECE_r2": 0.01832798122954149,
  "ECE_r2": 0.04639345069521632,
  "KSerror": 0.03620034183818566,
  "ECE_s_r2": 0.043028230940273186,
  "ECE_s_r1": 0.03620030991238361,
  "MMCE": 0.03133291399399605,
  "tCWECE_k": 0.05832471009110701,
  "tCWECE": 0.07830833081186077,
  "SKCE": 3.7446608084656495e-05,
  "DKDE_CE": 0.017379784386070005
}