{
  "nll": 1.8022462839668199,
  "ECE_ew": 0.18783757090568542,
  "ECE_em": 0.18781670928001404,
  "CWECE_a": 0.004212077707052231,
  "ACE": 0.26855484769445065,
  "CWECE_s": 0.42026782035827637,
  "dECE": 0.1878163475026262,
  "KDE_ECE": 0.1816304075032735,
  "CWECE_r2": 0.027245992092833834,
  "ECE_r2": 0.21584121605775336,
  "KSerror": 0.1878375811147056,
  "ECE_s_r2": 0.2490919881781909,
  "ECE_s_r1": 0.18783758111469762,
  "MMCE": 0.15872205634939238,
  "tCWECE_k": 0.14407219742514404,
  "tCWECE": 0.1578781928939393,
  "SKCE": 0.00027655798585246756,
  "DKDE_CE": 0.028783921425898588
}