{
  "nll": 0.9439548649041114,
  "ECE_ew": 0.057198695838451385,
  "ECE_em": 0.05719760060310364,
  "CWECE_a": 0.0003139062027912587,
  "ACE": 0.06870223548870139,
  "CWECE_s": 0.3099171817302704,
  "dECE": 0.05719882577529385,
  "KDE_ECE": 0.05173554535309959,
  "CWECE_r2": 0.008527997031582116,
  "ECE_r2": 0.06551157183798513,
  "KSerror": 0.057198684472063444,
  "ECE_s_r2": 0.06708387997476926,
  "ECE_s_r1": 0.05719868447099037,
  "MMCE": 0.04508692460845689,
  "tCWECE_k": 0.02427724889924083,
  "tCWECE": 0.03443150088397924,
  "SKCE": 1.0057791757755887e-05,
  "DKDE_CE": 0.02591391063371158
}