{
  "nll": 1.5759238004684448,
  "ECE_ew": 0.15230827033519745,
  "ECE_em": 0.15549688041210175,
  "CWECE_a": 0.003578143659979105,
  "ACE": 0.27392487721349174,
  "CWECE_s": 0.3558230400085449,
  "dECE": 0.15492533005475995,
  "KDE_ECE": 0.15230830204291676,
  "CWECE_r2": 0.025867720878369863,
  "ECE_r2": 0.19865369323593432,
  "KSerror": 0.15286542558670047,
  "ECE_s_r2": 0.20770489552011676,
  "ECE_s_r1": 0.15230826602578162,
  "MMCE": 0.12812887067324055,
  "tCWECE_k": 0.12288974827708506,
  "tCWECE": 0.13881905622219504,
  "SKCE": 0.00019627606153481932,
  "DKDE_CE": 0.03460475447695612
}