{
  "nll": 1.7598598003387451,
  "ECE_ew": 0.09410122036933899,
  "ECE_em": 0.10496427118778229,
  "CWECE_a": 0.0028415541164577007,
  "ACE": 0.15763104538978434,
  "CWECE_s": 0.27744394540786743,
  "dECE": 0.1039764580309391,
  "KDE_ECE": 0.09753189300181093,
  "CWECE_r2": 0.02194074096327211,
  "ECE_r2": 0.1389212593136219,
  "KSerror": 0.08530461978912351,
  "ECE_s_r2": 0.13408532762811862,
  "ECE_s_r1": 0.1030333511352539,
  "MMCE": 0.05812198379270962,
  "tCWECE_k": 0.0541282987037213,
  "tCWECE": 0.07440437286006175,
  "SKCE": 0.00012698804309042416,
  "DKDE_CE": 0.02927608458747093
}