{
  "nll": 0.5918281674385071,
  "ECE_ew": 0.026202615350484848,
  "ECE_em": 0.024572640657424927,
  "CWECE_a": 0.0013431081315502524,
  "ACE": 0.03315790775672968,
  "CWECE_s": 0.2591288983821869,
  "dECE": 0.022198128451903665,
  "KDE_ECE": 0.018020916117943004,
  "CWECE_r2": 0.018221416775382342,
  "ECE_r2": 0.030916405237623908,
  "KSerror": 0.022209720232000407,
  "ECE_s_r2": 0.028636211409864568,
  "ECE_s_r1": 0.0227889948964712,
  "MMCE": 0.020057322203404258,
  "tCWECE_k": 0.05486523571013379,
  "tCWECE": 0.07554533048289781,
  "SKCE": 3.173460095085137e-05,
  "DKDE_CE": 0.01573524177988161
}