{
  "nll": 0.30282676219940186,
  "ECE_ew": 0.020822905004024506,
  "ECE_em": 0.01778232865035534,
  "CWECE_a": 0.0008470187312923372,
  "ACE": 0.065089138516253,
  "CWECE_s": 0.1634627729654312,
  "dECE": 0.016409077619512873,
  "KDE_ECE": 0.014979586636207581,
  "CWECE_r2": 0.014118087237994941,
  "ECE_r2": 0.02794145802705962,
  "KSerror": 0.014770294184708432,
  "ECE_s_r2": 0.021524525584184186,
  "ECE_s_r1": 0.015003583932397377,
  "MMCE": 0.0143507628671163,
  "tCWECE_k": 0.0546137256084646,
  "tCWECE": 0.07455528732815624,
  "SKCE": 9.336495753843593e-06,
  "DKDE_CE": 0.010188780936329226
}