{
  "nll": 1.4981744289398193,
  "ECE_ew": 0.06472954899072647,
  "ECE_em": 0.06366842985153198,
  "CWECE_a": 0.0023540030233561993,
  "ACE": 0.07302289585625202,
  "CWECE_s": 0.2330818772315979,
  "dECE": 0.06363596237897873,
  "KDE_ECE": 0.059411489226866634,
  "CWECE_r2": 0.01822447667569217,
  "ECE_r2": 0.06856873848670306,
  "KSerror": 0.026700093626976007,
  "ECE_s_r2": 0.06835561944800639,
  "ECE_s_r1": 0.06368059307932855,
  "MMCE": 0.026818817728882085,
  "tCWECE_k": 0.018675840715634405,
  "tCWECE": 0.027283386712722565,
  "SKCE": 5.405257205206767e-05,
  "DKDE_CE": 0.01786704928214954
}