{
  "nll": 0.26668238639831543,
  "ECE_ew": 0.033135443925857544,
  "ECE_em": 0.033104587346315384,
  "CWECE_a": 0.006943229120224714,
  "ACE": 0.16044014638903262,
  "CWECE_s": 0.06983474642038345,
  "dECE": 0.03299642719626428,
  "KDE_ECE": 0.030064069670436865,
  "CWECE_r2": 0.0255817752269649,
  "ECE_r2": 0.059093721201725666,
  "KSerror": 0.033121318817138645,
  "ECE_s_r2": 0.06246157707400568,
  "ECE_s_r1": 0.033135486268997226,
  "MMCE": 0.028738622748837494,
  "tCWECE_k": 0.03793075012461924,
  "tCWECE": 0.039891427760112355,
  "SKCE": 8.381398425612161e-05,
  "DKDE_CE": 0.0018604445406599458
}