{
  "nll": 0.0848904475569725,
  "ECE_ew": 0.006055035628378391,
  "ECE_em": 0.005568317603319883,
  "CWECE_a": 0.0016600502422079444,
  "ACE": 0.06735180009640089,
  "CWECE_s": 0.016429727897047997,
  "dECE": 0.00555422424740022,
  "KDE_ECE": 0.005954681156467323,
  "CWECE_r2": 0.011139943548579353,
  "ECE_r2": 0.013705598990005794,
  "KSerror": 0.005665832783594116,
  "ECE_s_r2": 0.007581980355384926,
  "ECE_s_r1": 0.0055764806860418015,
  "MMCE": 0.004998922163402082,
  "tCWECE_k": 0.008932830948096628,
  "tCWECE": 0.011580408543667153,
  "SKCE": 3.978016986663506e-06,
  "DKDE_CE": 0.0008254087395052464
}