{
  "nll": 0.8136804699897766,
  "ECE_ew": 0.08217879384756088,
  "ECE_em": 0.08209504187107086,
  "CWECE_a": 0.00035934161860495806,
  "ACE": 0.08032895572037689,
  "CWECE_s": 0.3549271821975708,
  "dECE": 0.08209416801452635,
  "KDE_ECE": 0.08218894942537511,
  "CWECE_r2": 0.008324021717188245,
  "ECE_r2": 0.08455196138130344,
  "KSerror": 0.08209221490859986,
  "ECE_s_r2": 0.08446326508716427,
  "ECE_s_r1": 0.08209402716159821,
  "MMCE": 0.0654381967966722,
  "tCWECE_k": 0.018492804833485147,
  "tCWECE": 0.025447650500290693,
  "SKCE": 7.446148837630122e-06,
  "DKDE_CE": 0.05936899516313801
}