{
  "nll": 0.26480716466903687,
  "ECE_ew": 0.020482219755649567,
  "ECE_em": 0.02045714110136032,
  "CWECE_a": 0.004853278398513794,
  "ACE": 0.0929728433826333,
  "CWECE_s": 0.048379167914390564,
  "dECE": 0.020297332039475445,
  "KDE_ECE": 0.019061699944764126,
  "CWECE_r2": 0.02263483297086773,
  "ECE_r2": 0.03515572875783,
  "KSerror": 0.020480205535888696,
  "ECE_s_r2": 0.03673650016357625,
  "ECE_s_r1": 0.020482223939895634,
  "MMCE": 0.017429899777394016,
  "tCWECE_k": 0.025977987036391738,
  "tCWECE": 0.029513293386044227,
  "SKCE": 4.296281247446784e-05,
  "DKDE_CE": 0.000986703262048593
}