{
  "nll": 0.7880507707595825,
  "ECE_ew": 0.0675833448767662,
  "ECE_em": 0.06747067719697952,
  "CWECE_a": 0.00032966647995635867,
  "ACE": 0.03738256793802053,
  "CWECE_s": 0.3237343430519104,
  "dECE": 0.06691603238582611,
  "KDE_ECE": 0.06778978586582887,
  "CWECE_r2": 0.007833461302151679,
  "ECE_r2": 0.07559107957175182,
  "KSerror": 0.06746932312011722,
  "ECE_s_r2": 0.07603419738620423,
  "ECE_s_r1": 0.06746972492694853,
  "MMCE": 0.06112716253843294,
  "tCWECE_k": 0.024774688717597308,
  "tCWECE": 0.03549808854137025,
  "SKCE": 6.5672827893773014e-06,
  "DKDE_CE": 0.08241908802817514
}