{
  "nll": 0.6991317272186279,
  "ECE_ew": 0.06543518602848053,
  "ECE_em": 0.06208406388759613,
  "CWECE_a": 0.0011933312052860856,
  "ACE": 0.15916938388077517,
  "CWECE_s": 0.23580391705036163,
  "dECE": 0.06159576903520719,
  "KDE_ECE": 0.055061981635040745,
  "CWECE_r2": 0.015858453033747374,
  "ECE_r2": 0.08622151007493786,
  "KSerror": 0.061788928994319314,
  "ECE_s_r2": 0.07786416412140387,
  "ECE_s_r1": 0.061784951222695894,
  "MMCE": 0.05219304569032896,
  "tCWECE_k": 0.07505597910248361,
  "tCWECE": 0.09412041969866021,
  "SKCE": 3.915061358147343e-05,
  "DKDE_CE": 0.0196340130898192
}