{
  "nll": 0.979636013507843,
  "ECE_ew": 0.0610082671046257,
  "ECE_em": 0.060950182378292084,
  "CWECE_a": 0.00031765142921358347,
  "ACE": 0.07660217585719153,
  "CWECE_s": 0.3105579912662506,
  "dECE": 0.06095223190665244,
  "KDE_ECE": 0.05548934408566376,
  "CWECE_r2": 0.008645534132265731,
  "ECE_r2": 0.07042939490010151,
  "KSerror": 0.06096620162963862,
  "ECE_s_r2": 0.0723396403938138,
  "ECE_s_r1": 0.06095204282939434,
  "MMCE": 0.04839278665255804,
  "tCWECE_k": 0.024797072709915817,
  "tCWECE": 0.035660509844494516,
  "SKCE": 8.369281867037424e-06,
  "DKDE_CE": 0.02666953788359614
}