{
  "nll": 0.3117540776729584,
  "ECE_ew": 0.036553338170051575,
  "ECE_em": 0.03652099519968033,
  "CWECE_a": 0.007784819696098566,
  "ACE": 0.13928490204755445,
  "CWECE_s": 0.07709358632564545,
  "dECE": 0.037148141407966614,
  "KDE_ECE": 0.032980049508515,
  "CWECE_r2": 0.02766201291416031,
  "ECE_r2": 0.06332348891733677,
  "KSerror": 0.03656487350463866,
  "ECE_s_r2": 0.06591293693642682,
  "ECE_s_r1": 0.03655333334803583,
  "MMCE": 0.031170077799068774,
  "tCWECE_k": 0.040043807814393796,
  "tCWECE": 0.043764790844279894,
  "SKCE": 0.0001086950326106989,
  "DKDE_CE": 0.0014184841215421468
}