{
  "nll": 0.9372398257255554,
  "ECE_ew": 0.05200891196727753,
  "ECE_em": 0.05195854231715202,
  "CWECE_a": 0.00030734529718756676,
  "ACE": 0.06476581693772715,
  "CWECE_s": 0.30277159810066223,
  "dECE": 0.0519597345519066,
  "KDE_ECE": 0.04673235451175038,
  "CWECE_r2": 0.008510104820101916,
  "ECE_r2": 0.06040286362584012,
  "KSerror": 0.05197026367187496,
  "ECE_s_r2": 0.06058257016242995,
  "ECE_s_r1": 0.051959305572509766,
  "MMCE": 0.04112598691824915,
  "tCWECE_k": 0.023654622433975574,
  "tCWECE": 0.034265653981342827,
  "SKCE": 8.142143543947642e-06,
  "DKDE_CE": 0.025436392748998265
}