{
  "nll": 0.32163724303245544,
  "ECE_ew": 0.01734115183353424,
  "ECE_em": 0.011729979887604713,
  "CWECE_a": 0.0008928203606046736,
  "ACE": 0.07497958939211122,
  "CWECE_s": 0.16960762441158295,
  "dECE": 0.009436379000544549,
  "KDE_ECE": 0.015893644250296355,
  "CWECE_r2": 0.014840791132196466,
  "ECE_r2": 0.02823926574789493,
  "KSerror": 0.009475418584263706,
  "ECE_s_r2": 0.00975603383202099,
  "ECE_s_r1": 0.00947092921283113,
  "MMCE": 0.009304572150276653,
  "tCWECE_k": 0.051162174002533416,
  "tCWECE": 0.07209464305419903,
  "SKCE": 9.679826061731818e-06,
  "DKDE_CE": 0.011586721785970094
}