{
  "nll": 0.3299262821674347,
  "ECE_ew": 0.02384619414806366,
  "ECE_em": 0.02123148925602436,
  "CWECE_a": 0.000903019797988236,
  "ACE": 0.06687413198981566,
  "CWECE_s": 0.1735295057296753,
  "dECE": 0.020470643416047096,
  "KDE_ECE": 0.018266689722803396,
  "CWECE_r2": 0.014916340036279929,
  "ECE_r2": 0.0344933162362948,
  "KSerror": 0.021263342057887602,
  "ECE_s_r2": 0.025958410552083973,
  "ECE_s_r1": 0.021259591531990772,
  "MMCE": 0.018476797849491595,
  "tCWECE_k": 0.056717591990928136,
  "tCWECE": 0.07571830889523344,
  "SKCE": 1.4287317986077025e-05,
  "DKDE_CE": 0.011400972901939949
}