{
  "nll": 0.30535638332366943,
  "ECE_ew": 0.021831851452589035,
  "ECE_em": 0.020333075895905495,
  "CWECE_a": 0.0008417897624894977,
  "ACE": 0.07718457719387506,
  "CWECE_s": 0.16502828896045685,
  "dECE": 0.01917641026278337,
  "KDE_ECE": 0.01451408042169297,
  "CWECE_r2": 0.0141166588196273,
  "ECE_r2": 0.03244499126476794,
  "KSerror": 0.016846947349719144,
  "ECE_s_r2": 0.019654304839355697,
  "ECE_s_r1": 0.016841492664754678,
  "MMCE": 0.016490413754368008,
  "tCWECE_k": 0.05601623343002169,
  "tCWECE": 0.0737907454427112,
  "SKCE": 1.165059498751336e-05,
  "DKDE_CE": 0.010485987498308444
}