{
  "nll": 0.3820892572402954,
  "ECE_ew": 0.04505439102649689,
  "ECE_em": 0.04472881555557251,
  "CWECE_a": 0.009664311073720455,
  "ACE": 0.2131270108356501,
  "CWECE_s": 0.09529926627874374,
  "dECE": 0.04468678901791573,
  "KDE_ECE": 0.04060030102858304,
  "CWECE_r2": 0.029543767514167634,
  "ECE_r2": 0.06603669016369199,
  "KSerror": 0.04475774459838866,
  "ECE_s_r2": 0.08502143493050526,
  "ECE_s_r1": 0.04475659198760984,
  "MMCE": 0.04057776292195024,
  "tCWECE_k": 0.04807110914719174,
  "tCWECE": 0.0516406599510282,
  "SKCE": 0.0002654756416437441,
  "DKDE_CE": 0.0021089961355060752
}