{
  "nll": 0.5651053190231323,
  "ECE_ew": 0.031247176229953766,
  "ECE_em": 0.030278800055384636,
  "CWECE_a": 0.0013456223532557487,
  "ACE": 0.11410120391902444,
  "CWECE_s": 0.26627394556999207,
  "dECE": 0.02678167540419294,
  "KDE_ECE": 0.026050419869255416,
  "CWECE_r2": 0.016912343217930382,
  "ECE_r2": 0.05342964139579045,
  "KSerror": 0.017553674115635104,
  "ECE_s_r2": 0.04083310106434333,
  "ECE_s_r1": 0.028440546353685488,
  "MMCE": 0.015476867594012069,
  "tCWECE_k": 0.042682740607420645,
  "tCWECE": 0.05654976787190602,
  "SKCE": 3.0531458559256365e-05,
  "DKDE_CE": 0.018398765040732405
}