{
  "nll": 0.7573606967926025,
  "ECE_ew": 0.025083107873797417,
  "ECE_em": 0.02570417709648609,
  "CWECE_a": 0.0002772481238935143,
  "ACE": 0.04181191328590871,
  "CWECE_s": 0.2706057131290436,
  "dECE": 0.025053154442310335,
  "KDE_ECE": 0.025538521339065506,
  "CWECE_r2": 0.00803253808293286,
  "ECE_r2": 0.03812226075165797,
  "KSerror": 0.02523887840270994,
  "ECE_s_r2": 0.03666813518282198,
  "ECE_s_r1": 0.025505696697235097,
  "MMCE": 0.020212303802387296,
  "tCWECE_k": 0.02360495903491555,
  "tCWECE": 0.03575582624780043,
  "SKCE": 6.393370446580144e-06,
  "DKDE_CE": 0.024447963273104636
}