{
  "nll": 0.9421406388282776,
  "ECE_ew": 0.020051881670951843,
  "ECE_em": 0.020060023292899132,
  "CWECE_a": 0.00031494966242462397,
  "ACE": 0.023948718167670153,
  "CWECE_s": 0.3093419075012207,
  "dECE": 0.019606433892250058,
  "KDE_ECE": 0.016114343764077287,
  "CWECE_r2": 0.008457089040830045,
  "ECE_r2": 0.023192469318555838,
  "KSerror": 0.008459302306175226,
  "ECE_s_r2": 0.024052802638971565,
  "ECE_s_r1": 0.02049862206459045,
  "MMCE": 0.011022678326976615,
  "tCWECE_k": 0.013936545213761942,
  "tCWECE": 0.020503957862463767,
  "SKCE": 7.995216910038175e-06,
  "DKDE_CE": 0.026300467375640794
}