{
  "nll": 0.1914025843143463,
  "ECE_ew": 0.007787984795868397,
  "ECE_em": 0.006510946899652481,
  "CWECE_a": 0.005023910664021969,
  "ACE": 0.03969210658984736,
  "CWECE_s": 0.047765426337718964,
  "dECE": 0.005665577603876589,
  "KDE_ECE": 0.011401459852522675,
  "CWECE_r2": 0.022852203663908142,
  "ECE_r2": 0.01843942421452723,
  "KSerror": 0.0036687386751174944,
  "ECE_s_r2": 0.0046002005853902446,
  "ECE_s_r1": 0.0032442199230194035,
  "MMCE": 0.002576728433293915,
  "tCWECE_k": 0.029124088784698722,
  "tCWECE": 0.033538621798031264,
  "SKCE": 0.00011277731766493917,
  "DKDE_CE": 0.001118835088549298
}