{
  "nll": 0.07928869873285294,
  "ECE_ew": 0.00714024156332016,
  "ECE_em": 0.007222430314868689,
  "CWECE_a": 0.0020618231501430273,
  "ACE": 0.056730195126093466,
  "CWECE_s": 0.02066565677523613,
  "dECE": 0.0070191836047553535,
  "KDE_ECE": 0.010753459713447013,
  "CWECE_r2": 0.01094044156954619,
  "ECE_r2": 0.012439464042637032,
  "KSerror": 0.007089372712846376,
  "ECE_s_r2": 0.011544740105352036,
  "ECE_s_r1": 0.007094077482022756,
  "MMCE": 0.006185935691354794,
  "tCWECE_k": 0.010247870657327952,
  "tCWECE": 0.012892637922536837,
  "SKCE": 6.977697260626238e-06,
  "DKDE_CE": 0.0011983939404751995
}