{
  "nll": 1.091428518295288,
  "ECE_ew": 0.018412631005048752,
  "ECE_em": 0.02013986185193062,
  "CWECE_a": 0.002083021914586425,
  "ACE": 0.025555351588541098,
  "CWECE_s": 0.20118966698646545,
  "dECE": 0.018808258721232415,
  "KDE_ECE": 0.015251349399581499,
  "CWECE_r2": 0.016437547123187752,
  "ECE_r2": 0.02159449641112002,
  "KSerror": 0.008819609737396261,
  "ECE_s_r2": 0.017977195859171183,
  "ECE_s_r1": 0.015355566343665117,
  "MMCE": 0.009669037851241973,
  "tCWECE_k": 0.027517990870805375,
  "tCWECE": 0.034042463461080835,
  "SKCE": 1.8184348072950166e-05,
  "DKDE_CE": 0.02171472881583671
}