{
  "nll": 0.31824204325675964,
  "ECE_ew": 0.012604715302586555,
  "ECE_em": 0.015315935015678406,
  "CWECE_a": 0.0009775826474651694,
  "ACE": 0.05415950802104317,
  "CWECE_s": 0.1887921690940857,
  "dECE": 0.013227343931794162,
  "KDE_ECE": 0.016893578323606013,
  "CWECE_r2": 0.015260626289508137,
  "ECE_r2": 0.026666428819922722,
  "KSerror": 0.009364808940175773,
  "ECE_s_r2": 0.017834798707908436,
  "ECE_s_r1": 0.013168183606655446,
  "MMCE": 0.006065997342848997,
  "tCWECE_k": 0.045204283857103296,
  "tCWECE": 0.06256574428248736,
  "SKCE": 1.0163577142189404e-05,
  "DKDE_CE": 0.011150406744105017
}