{
  "nll": 0.2928617000579834,
  "ECE_ew": 0.017610404640436172,
  "ECE_em": 0.017838934436440468,
  "CWECE_a": 0.000913146126549691,
  "ACE": 0.0981656209440687,
  "CWECE_s": 0.1762058287858963,
  "dECE": 0.015806443865100543,
  "KDE_ECE": 0.019436226705531048,
  "CWECE_r2": 0.01451993379921823,
  "ECE_r2": 0.03900897687900933,
  "KSerror": 0.01225286155790832,
  "ECE_s_r2": 0.02608494586590704,
  "ECE_s_r1": 0.015671769837241854,
  "MMCE": 0.00854663007657008,
  "tCWECE_k": 0.046558961339516626,
  "tCWECE": 0.06289285091408468,
  "SKCE": 8.055964530798574e-06,
  "DKDE_CE": 0.010451479472247198
}