{
  "nll": 0.9093694686889648,
  "ECE_ew": 0.01930217444896698,
  "ECE_em": 0.018776439130306244,
  "CWECE_a": 0.0003102565824519843,
  "ACE": 0.023584248689218334,
  "CWECE_s": 0.30442410707473755,
  "dECE": 0.017802961652278904,
  "KDE_ECE": 0.01508683153977624,
  "CWECE_r2": 0.008428765923003198,
  "ECE_r2": 0.02322215517579871,
  "KSerror": 0.00800867260456084,
  "ECE_s_r2": 0.02205674260670008,
  "ECE_s_r1": 0.01860558791041374,
  "MMCE": 0.00993646692743452,
  "tCWECE_k": 0.014455896373632196,
  "tCWECE": 0.021109650528197157,
  "SKCE": 8.304001854589636e-06,
  "DKDE_CE": 0.025355515737806738
}