{
  "nll": 0.587297797203064,
  "ECE_ew": 0.03497723489999771,
  "ECE_em": 0.03282639756798744,
  "CWECE_a": 0.0014741587219759822,
  "ACE": 0.06953836187000911,
  "CWECE_s": 0.2828729748725891,
  "dECE": 0.03127707615494728,
  "KDE_ECE": 0.03297478648483137,
  "CWECE_r2": 0.018609252654212313,
  "ECE_r2": 0.0553422960132426,
  "KSerror": 0.026005049502078548,
  "ECE_s_r2": 0.044901822691980973,
  "ECE_s_r1": 0.033339374634756946,
  "MMCE": 0.017672245405327417,
  "tCWECE_k": 0.04028918090029857,
  "tCWECE": 0.05509204801009347,
  "SKCE": 3.078643916112036e-05,
  "DKDE_CE": 0.016772028018334433
}