{
  "nll": 0.22439247369766235,
  "ECE_ew": 0.0070612384006381035,
  "ECE_em": 0.007063657511025667,
  "CWECE_a": 0.003814664902165532,
  "ACE": 0.02757395547136976,
  "CWECE_s": 0.038561511784791946,
  "dECE": 0.006034372642636296,
  "KDE_ECE": 0.01047076400622602,
  "CWECE_r2": 0.016055155299243132,
  "ECE_r2": 0.012432766414047483,
  "KSerror": 0.006684307098388631,
  "ECE_s_r2": 0.010526948679229946,
  "ECE_s_r1": 0.006672273445129373,
  "MMCE": 0.005368025544107209,
  "tCWECE_k": 0.019298246468821154,
  "tCWECE": 0.023598474423405697,
  "SKCE": 2.8670456478917133e-05,
  "DKDE_CE": 0.0012916397565774001
}