{
  "nll": 0.2089148610830307,
  "ECE_ew": 0.008472373709082603,
  "ECE_em": 0.0075736939907073975,
  "CWECE_a": 0.004360550083220005,
  "ACE": 0.057916380767109664,
  "CWECE_s": 0.0432821549475193,
  "dECE": 0.0059088100180029884,
  "KDE_ECE": 0.011306628887912227,
  "CWECE_r2": 0.017448365292193426,
  "ECE_r2": 0.02155317415139551,
  "KSerror": 0.0062866745948791936,
  "ECE_s_r2": 0.011491581895453282,
  "ECE_s_r1": 0.00614174760580062,
  "MMCE": 0.005562758289298237,
  "tCWECE_k": 0.022112228369434838,
  "tCWECE": 0.02865689938102083,
  "SKCE": 2.3423811342533054e-05,
  "DKDE_CE": 0.0014618733040643935
}