{
  "nll": 0.7475912570953369,
  "ECE_ew": 0.041851211339235306,
  "ECE_em": 0.04313948377966881,
  "CWECE_a": 0.00025338734849356115,
  "ACE": 0.07415327858330996,
  "CWECE_s": 0.24872751533985138,
  "dECE": 0.042757103329896934,
  "KDE_ECE": 0.03973072328883836,
  "CWECE_r2": 0.0075806098896157815,
  "ECE_r2": 0.06567230610205835,
  "KSerror": 0.039908427057266216,
  "ECE_s_r2": 0.06482863333436435,
  "ECE_s_r1": 0.04338337795495989,
  "MMCE": 0.0305792102579514,
  "tCWECE_k": 0.031962332664621826,
  "tCWECE": 0.04723499396480743,
  "SKCE": 5.762010470456403e-06,
  "DKDE_CE": 0.02902202264268097
}