{
  "nll": 1.0575758218765259,
  "ECE_ew": 0.008067660965025425,
  "ECE_em": 0.010328535921871662,
  "CWECE_a": 0.001954699633643031,
  "ACE": 0.010326629268844431,
  "CWECE_s": 0.1870730221271515,
  "dECE": 0.006258047531545158,
  "KDE_ECE": 0.013028531112157377,
  "CWECE_r2": 0.016127027895711746,
  "ECE_r2": 0.011994956274874657,
  "KSerror": 0.006475875616073601,
  "ECE_s_r2": 0.010629087751809235,
  "ECE_s_r1": 0.008680148273706431,
  "MMCE": 0.005013055708753145,
  "tCWECE_k": 0.02628327661000486,
  "tCWECE": 0.033492306133268396,
  "SKCE": 3.756892952370597e-05,
  "DKDE_CE": 0.024758016639203035
}