{
  "nll": 0.9444370269775391,
  "ECE_ew": 0.012306880205869675,
  "ECE_em": 0.011705645360052586,
  "CWECE_a": 0.0018849846674129367,
  "ACE": 0.015825641092889652,
  "CWECE_s": 0.18545061349868774,
  "dECE": 0.008768175569176674,
  "KDE_ECE": 0.008894872598899511,
  "CWECE_r2": 0.016311874708490225,
  "ECE_r2": 0.0140888093798373,
  "KSerror": 0.006557109832763697,
  "ECE_s_r2": 0.013423062979675838,
  "ECE_s_r1": 0.010147284574806688,
  "MMCE": 0.0059613581109797245,
  "tCWECE_k": 0.029347691137090858,
  "tCWECE": 0.0368342936044369,
  "SKCE": 4.627848968961953e-05,
  "DKDE_CE": 0.017156618969720948
}