{
  "nll": 0.7467614412307739,
  "ECE_ew": 0.07137968391180038,
  "ECE_em": 0.06990755349397659,
  "CWECE_a": 0.0012460845755413175,
  "ACE": 0.14957391844003884,
  "CWECE_s": 0.24900488555431366,
  "dECE": 0.0694662023607023,
  "KDE_ECE": 0.06128964756063018,
  "CWECE_r2": 0.015302472081791757,
  "ECE_r2": 0.08613201501488392,
  "KSerror": 0.06961297396342836,
  "ECE_s_r2": 0.09074471109227224,
  "ECE_s_r1": 0.06960863839933942,
  "MMCE": 0.06100590388503938,
  "tCWECE_k": 0.07930259453639732,
  "tCWECE": 0.097602653820182,
  "SKCE": 5.7674226289633696e-05,
  "DKDE_CE": 0.022913839002361488
}