{
  "nll": 0.6126236915588379,
  "ECE_ew": 0.042061466723680496,
  "ECE_em": 0.03617555648088455,
  "CWECE_a": 0.0013825695496052504,
  "ACE": 0.0643555103790294,
  "CWECE_s": 0.26299768686294556,
  "dECE": 0.034054248780012134,
  "KDE_ECE": 0.030678270614157,
  "CWECE_r2": 0.018327981251579924,
  "ECE_r2": 0.04639346761296774,
  "KSerror": 0.036204444116620826,
  "ECE_s_r2": 0.04302823213487929,
  "ECE_s_r1": 0.03620032034258344,
  "MMCE": 0.03133291027512696,
  "tCWECE_k": 0.05874427505861696,
  "tCWECE": 0.07830833008855455,
  "SKCE": 3.7446611085523445e-05,
  "DKDE_CE": 0.01737978480949982
}