{
  "nll": 1.8022457361221313,
  "ECE_ew": 0.187837615609169,
  "ECE_em": 0.18781670928001404,
  "CWECE_a": 0.0042120772413909435,
  "ACE": 0.29445038147388647,
  "CWECE_s": 0.42026785016059875,
  "dECE": 0.18783519667387016,
  "KDE_ECE": 0.18163040958725776,
  "CWECE_r2": 0.027245992519054175,
  "ECE_r2": 0.21584122010769505,
  "KSerror": 0.1878432909965515,
  "ECE_s_r2": 0.2471043864738405,
  "ECE_s_r1": 0.18783758722543717,
  "MMCE": 0.1587224464277186,
  "tCWECE_k": 0.14405727778715308,
  "tCWECE": 0.15787819689562302,
  "SKCE": 0.0002765580015583941,
  "DKDE_CE": 0.028783922996484145
}