{
  "nll": 0.4300587773323059,
  "ECE_ew": 0.05500265955924988,
  "ECE_em": 0.05489649251103401,
  "CWECE_a": 0.0114030996337533,
  "ACE": 0.1960698300246533,
  "CWECE_s": 0.11430294811725616,
  "dECE": 0.05486770254969599,
  "KDE_ECE": 0.050134658658572806,
  "CWECE_r2": 0.03200628861219466,
  "ECE_r2": 0.08226638086943559,
  "KSerror": 0.05493420944213867,
  "ECE_s_r2": 0.10246873922157346,
  "ECE_s_r1": 0.05493088798522949,
  "MMCE": 0.0487031168792101,
  "tCWECE_k": 0.05817919116331349,
  "tCWECE": 0.06096572289024512,
  "SKCE": 0.00027452204912245835,
  "DKDE_CE": 0.0020834676870553808
}