{
  "nll": 0.943954586982727,
  "ECE_ew": 0.05719872564077377,
  "ECE_em": 0.05719764903187752,
  "CWECE_a": 0.0003139062027912587,
  "ACE": 0.06939445435305472,
  "CWECE_s": 0.3099171221256256,
  "dECE": 0.057198860861063,
  "KDE_ECE": 0.05173555058373255,
  "CWECE_r2": 0.008527997205148673,
  "ECE_r2": 0.06551160116750837,
  "KSerror": 0.05721112291336061,
  "ECE_s_r2": 0.06708390726275779,
  "ECE_s_r1": 0.05719872359454633,
  "MMCE": 0.045087492722483476,
  "tCWECE_k": 0.024245157183187992,
  "tCWECE": 0.03443149907826981,
  "SKCE": 1.0057794473554915e-05,
  "DKDE_CE": 0.02591391451509988
}