{
  "nll": 0.9884787797927856,
  "ECE_ew": 0.06542990356683731,
  "ECE_em": 0.0654279887676239,
  "CWECE_a": 0.0003269188164267689,
  "ACE": 0.07698844153044629,
  "CWECE_s": 0.3184587061405182,
  "dECE": 0.06543022489309314,
  "KDE_ECE": 0.05976699944016925,
  "CWECE_r2": 0.00878206985879295,
  "ECE_r2": 0.07582512704754062,
  "KSerror": 0.0654435453796387,
  "ECE_s_r2": 0.07770649712282574,
  "ECE_s_r1": 0.06542986583292484,
  "MMCE": 0.05191441803584049,
  "tCWECE_k": 0.02566821277802564,
  "tCWECE": 0.0361438660529647,
  "SKCE": 1.0269144082284524e-05,
  "DKDE_CE": 0.02715971573663197
}