{
  "nll": 1.9090288877487183,
  "ECE_ew": 0.03598440811038017,
  "ECE_em": 0.04554234817624092,
  "CWECE_a": 0.002187479520216584,
  "ACE": 0.0961029025061553,
  "CWECE_s": 0.2200324535369873,
  "KDE_ECE": 0.036275093042593326,
  "KSerror": 0.03605805044174193,
  "ECE_s_r2": 0.05755883929582597,
  "ECE_s_r1": 0.03598441259264945,
  "MMCE": 0.028236383610069474,
  "DKDE_CE": 0.03066976084627654,
  "dECE": 0.043237126895785336,
  "CWECE_r2": 0.01922403694179778,
  "ECE_r2": 0.06163824981021842,
  "tCWECE_k": 0.02197124475203933,
  "tCWECE": 0.031441996060130484,
  "SKCE": 4.528398582055936e-05
}