{
  "nll": 1.9349228143692017,
  "ECE_ew": 0.0409708209335804,
  "ECE_em": 0.04698298126459122,
  "CWECE_a": 0.0021058148704469204,
  "ACE": 0.09144077572613066,
  "CWECE_s": 0.2068452388048172,
  "KDE_ECE": 0.04092342213792229,
  "KSerror": 0.04089545688629148,
  "ECE_s_r2": 0.06485105937487437,
  "ECE_s_r1": 0.04133826057314874,
  "MMCE": 0.032167470709942365,
  "DKDE_CE": 0.032995274339809234,
  "dECE": 0.04550921276509762,
  "CWECE_r2": 0.018496472080481507,
  "ECE_r2": 0.067644180426161,
  "tCWECE_k": 0.02098125874673516,
  "tCWECE": 0.029684709528343088,
  "SKCE": 6.000171663326584e-05
}