{
  "nll": 0.11484714597463608,
  "ECE_ew": 0.01138393022119999,
  "ECE_em": 0.015857556834816933,
  "CWECE_a": 0.002794457133859396,
  "ACE": 0.18289908251194054,
  "CWECE_s": 0.026986055076122284,
  "KDE_ECE": 0.015812036041871095,
  "KSerror": 0.00564578605086509,
  "ECE_s_r2": 0.00665025153251003,
  "ECE_s_r1": 0.004450115892113374,
  "MMCE": 0.00576684123345622,
  "DKDE_CE": 0.0005392684361465278,
  "dECE": 0.015633986514123517,
  "CWECE_r2": 0.015643910672593804,
  "ECE_r2": 0.03301931367524328,
  "tCWECE_k": 0.014391585104764815,
  "tCWECE": 0.015063163577148713,
  "SKCE": 3.579510950686098e-05
}