{
  "nll": 0.29860183596611023,
  "ECE_ew": 0.014943684451282024,
  "ECE_em": 0.03114575892686844,
  "CWECE_a": 0.0044099995866417885,
  "ACE": 0.1717565350653191,
  "CWECE_s": 0.042151883244514465,
  "KDE_ECE": 0.018143059571448083,
  "KSerror": 0.017329386234283428,
  "ECE_s_r2": 0.03305062270207612,
  "ECE_s_r1": 0.017036171054840083,
  "MMCE": 0.012731632373369292,
  "DKDE_CE": 0.006143591864537496,
  "dECE": 0.03569707840085029,
  "CWECE_r2": 0.025845313522799795,
  "ECE_r2": 0.04551091932203527,
  "tCWECE_k": 0.021930314280690946,
  "tCWECE": 0.02810528195558592,
  "SKCE": 3.5528859023012956e-05
}