{
  "nll": 0.8142322301864624,
  "ECE_ew": 0.02937588095664978,
  "ECE_em": 0.024288058280944824,
  "CWECE_a": 0.0013172610197216272,
  "ACE": 0.06247014117016567,
  "CWECE_s": 0.2554815113544464,
  "KDE_ECE": 0.021462999890491812,
  "KSerror": 0.02377670623769812,
  "ECE_s_r2": 0.0318870531122178,
  "ECE_s_r1": 0.023764823221448638,
  "MMCE": 0.01802865365651223,
  "DKDE_CE": 0.021845095007941833,
  "dECE": 0.020561837901671737,
  "CWECE_r2": 0.016079482322769807,
  "ECE_r2": 0.04166092330733495,
  "tCWECE_k": 0.04922582379342526,
  "tCWECE": 0.06605123404696382,
  "SKCE": 7.796368674633989e-05
}