{
  "nll": 0.28532862663269043,
  "ECE_ew": 0.010115746408700943,
  "ECE_em": 0.01792505569756031,
  "CWECE_a": 0.004003772046416998,
  "ACE": 0.12045694641721974,
  "CWECE_s": 0.03986365720629692,
  "KDE_ECE": 0.016748106986312364,
  "KSerror": 0.01137207156419754,
  "ECE_s_r2": 0.015575672592110503,
  "ECE_s_r1": 0.01142374811172484,
  "MMCE": 0.007374490845771998,
  "DKDE_CE": 0.005808658424034121,
  "dECE": 0.023997695323824883,
  "CWECE_r2": 0.02445108206858839,
  "ECE_r2": 0.03989499497171755,
  "tCWECE_k": 0.020399803914329863,
  "tCWECE": 0.025550723086712256,
  "SKCE": 3.4642974566119365e-05
}