{
  "nll": 1.8010194301605225,
  "ECE_ew": 0.06096361204981804,
  "ECE_em": 0.060962967574596405,
  "CWECE_a": 0.0003261776582803577,
  "ACE": 0.08890075843472908,
  "CWECE_s": 0.32068005204200745,
  "KDE_ECE": 0.05935418173307649,
  "KSerror": 0.06097284149169924,
  "ECE_s_r2": 0.06940839865121955,
  "ECE_s_r1": 0.06096357016563417,
  "MMCE": 0.04608595664624962,
  "DKDE_CE": 0.03516738104007073,
  "dECE": 0.06096258168458939,
  "CWECE_r2": 0.008013219345028475,
  "ECE_r2": 0.06997819785801393,
  "tCWECE_k": 0.02512349832860864,
  "tCWECE": 0.033114301854209216,
  "SKCE": 1.1968621744742633e-05
}