{
  "nll": 0.3916468024253845,
  "ECE_ew": 0.01863805204629898,
  "ECE_em": 0.020605748519301414,
  "CWECE_a": 0.0008034896454773843,
  "ACE": 0.08707018863475849,
  "CWECE_s": 0.1535346806049347,
  "KDE_ECE": 0.015688411297643055,
  "KSerror": 0.01658118613323767,
  "ECE_s_r2": 0.018428517653825523,
  "ECE_s_r1": 0.016580570693039774,
  "MMCE": 0.014154221619171887,
  "DKDE_CE": 0.01292588667485588,
  "dECE": 0.018623156597216924,
  "CWECE_r2": 0.01228806659700764,
  "ECE_r2": 0.0360387119238354,
  "tCWECE_k": 0.05028821806688678,
  "tCWECE": 0.06580113023975605,
  "SKCE": 1.8256377080856753e-05
}