{
  "nll": 0.7113766670227051,
  "ECE_ew": 0.02772527188062668,
  "ECE_em": 0.02936813235282898,
  "CWECE_a": 0.0010481001809239388,
  "ACE": 0.07659171024254822,
  "CWECE_s": 0.2070521116256714,
  "KDE_ECE": 0.021625149805018763,
  "KSerror": 0.020403912448455075,
  "ECE_s_r2": 0.033057168386147105,
  "ECE_s_r1": 0.026518317185725514,
  "MMCE": 0.016671610628559035,
  "DKDE_CE": 0.02155174215745428,
  "dECE": 0.02713117702334636,
  "CWECE_r2": 0.011950554701636102,
  "ECE_r2": 0.038938137049267164,
  "tCWECE_k": 0.05321448348934577,
  "tCWECE": 0.06667577264008848,
  "SKCE": 1.7796369612976317e-05
}