{
  "nll": 0.4337378740310669,
  "ECE_ew": 0.021630605682730675,
  "ECE_em": 0.02584211900830269,
  "CWECE_a": 0.0008095656521618366,
  "ACE": 0.12793509868557143,
  "CWECE_s": 0.15713931620121002,
  "KDE_ECE": 0.021890825935579773,
  "KSerror": 0.018765940832261463,
  "ECE_s_r2": 0.029443142937447826,
  "ECE_s_r1": 0.021261110946313642,
  "MMCE": 0.015034106005490646,
  "DKDE_CE": 0.012950435012458721,
  "dECE": 0.02559957280755043,
  "CWECE_r2": 0.012017724402768198,
  "ECE_r2": 0.04554002712822351,
  "tCWECE_k": 0.04769590782928288,
  "tCWECE": 0.06196200907856247,
  "SKCE": 1.7387826979939685e-05
}