{
  "nll": 2.166513204574585,
  "ECE_ew": 0.03472492843866348,
  "ECE_em": 0.0387122817337513,
  "CWECE_a": 0.0023140006233006716,
  "ACE": 0.06230549846796586,
  "CWECE_s": 0.22477589547634125,
  "KDE_ECE": 0.035304737800409554,
  "KSerror": 0.030000614643096946,
  "ECE_s_r2": 0.05178138298055701,
  "ECE_s_r1": 0.037108593022823336,
  "MMCE": 0.022810064082275174,
  "DKDE_CE": 0.03374762889318829,
  "dECE": 0.03709506446123123,
  "CWECE_r2": 0.01954014645772623,
  "ECE_r2": 0.050854669039299805,
  "tCWECE_k": 0.021144352142697227,
  "tCWECE": 0.029611841450810413,
  "SKCE": 7.009821923885598e-05
}