{
  "nll": 1.2066268920898438,
  "ECE_ew": 0.028567355126142502,
  "ECE_em": 0.02827887050807476,
  "CWECE_a": 0.00024293862225022167,
  "ACE": 0.052826883977173916,
  "CWECE_s": 0.23847872018814087,
  "KDE_ECE": 0.02697383516406959,
  "KSerror": 0.025820263671874955,
  "ECE_s_r2": 0.033051087115765314,
  "ECE_s_r1": 0.026640148785114292,
  "MMCE": 0.02018210779378606,
  "DKDE_CE": 0.0220346078987646,
  "dECE": 0.027795917719602596,
  "CWECE_r2": 0.006584096960494177,
  "ECE_r2": 0.03629249767523454,
  "tCWECE_k": 0.02612147948575405,
  "tCWECE": 0.034974347012387115,
  "SKCE": 7.991875404773695e-06
}