{
  "nll": 1.7150096893310547,
  "ECE_ew": 0.05806395038962364,
  "ECE_em": 0.05798012763261795,
  "CWECE_a": 0.00032328846282325685,
  "ACE": 0.08500199629406012,
  "CWECE_s": 0.3179797828197479,
  "KDE_ECE": 0.05621453953497012,
  "KSerror": 0.057983779048919715,
  "ECE_s_r2": 0.06609686563741725,
  "ECE_s_r1": 0.057980415258407594,
  "MMCE": 0.04386439786432728,
  "DKDE_CE": 0.03399102732947995,
  "dECE": 0.057980624412298204,
  "CWECE_r2": 0.007970842512039564,
  "ECE_r2": 0.06675588897273053,
  "tCWECE_k": 0.026175128280701586,
  "tCWECE": 0.03446014950417023,
  "SKCE": 1.2138296445090954e-05
}