{
  "nll": 0.34076589345932007,
  "ECE_ew": 0.01916278526186943,
  "ECE_em": 0.04020822420716286,
  "CWECE_a": 0.0058274962939321995,
  "ACE": 0.1680165561341714,
  "CWECE_s": 0.0518510565161705,
  "KDE_ECE": 0.022422501660302116,
  "KSerror": 0.021219372177123996,
  "ECE_s_r2": 0.04514693525063466,
  "ECE_s_r1": 0.02113964621424676,
  "MMCE": 0.016409890072377087,
  "DKDE_CE": 0.007240885718351285,
  "dECE": 0.036273336935043324,
  "CWECE_r2": 0.030109401996963474,
  "ECE_r2": 0.057420537840472644,
  "tCWECE_k": 0.027032109454850815,
  "tCWECE": 0.03774898981003328,
  "SKCE": 6.286609158082694e-05
}