{
  "nll": 1.2191258668899536,
  "ECE_ew": 0.0353352352976799,
  "ECE_em": 0.03315199166536331,
  "CWECE_a": 0.0002664308121893555,
  "ACE": 0.05462314448212245,
  "CWECE_s": 0.26230311393737793,
  "KDE_ECE": 0.03257345290823385,
  "KSerror": 0.03316291978836061,
  "ECE_s_r2": 0.0370848356571124,
  "ECE_s_r1": 0.03315227581739425,
  "MMCE": 0.02619722599818538,
  "DKDE_CE": 0.025203708462609144,
  "dECE": 0.03313438664674759,
  "CWECE_r2": 0.007285268130395145,
  "ECE_r2": 0.04048136857675804,
  "tCWECE_k": 0.02003350665967906,
  "tCWECE": 0.02719366758189706,
  "SKCE": 8.866305150141227e-06
}