{
  "nll": 2.0182430744171143,
  "ECE_ew": 0.21156291663646698,
  "ECE_em": 0.21154223382472992,
  "CWECE_a": 0.004754095338284969,
  "ACE": 0.27374213312318224,
  "CWECE_s": 0.47026216983795166,
  "dECE": 0.21154265969395625,
  "KDE_ECE": 0.2053234069095016,
  "CWECE_r2": 0.029025512144078006,
  "ECE_r2": 0.23335624599598065,
  "KSerror": 0.21156936550140382,
  "ECE_s_r2": 0.2659647290715957,
  "ECE_s_r1": 0.2115628469735384,
  "MMCE": 0.17804286702926347,
  "tCWECE_k": 0.15336454452124884,
  "tCWECE": 0.16662495916861172,
  "SKCE": 0.00032229096485812393,
  "DKDE_CE": 0.03669200463340201
}