{
  "nll": 0.31643547037374964,
  "ECE_ew": 0.0168392863124609,
  "ECE_em": 0.016057543456554413,
  "CWECE_a": 0.00484094861894846,
  "ACE": 0.035673225372876365,
  "CWECE_s": 0.04664752259850502,
  "KDE_ECE": 0.01607993069472413,
  "KSerror": 0.016055494245659108,
  "ECE_s_r2": 0.024371930746704983,
  "ECE_s_r1": 0.016055494245662955,
  "MMCE": 0.01350697601986883,
  "DKDE_CE": 0.0008117280482713083,
  "dECE": 0.01596996406486035,
  "CWECE_r2": 0.01965653268766902,
  "ECE_r2": 0.025362867405718182,
  "tCWECE_k": 0.020903571459059907,
  "tCWECE": 0.029099801479101507,
  "SKCE": 2.7321615865073032e-05
}