{
  "nll": 2.845581699291355,
  "ECE_ew": 0.0514829084277153,
  "ECE_em": 0.05110043287277222,
  "CWECE_a": 0.00030570701346732676,
  "ACE": 0.05660728014464338,
  "CWECE_s": 0.29906749725341797,
  "KDE_ECE": 0.0460832466482444,
  "KSerror": 0.0511022243544178,
  "ECE_s_r2": 0.05764292056793093,
  "ECE_s_r1": 0.05110222435441103,
  "MMCE": 0.040182765605669,
  "DKDE_CE": 0.027544527326609128,
  "dECE": 0.05110034941515666,
  "CWECE_r2": 0.00815183150733893,
  "ECE_r2": 0.05634675778899407,
  "tCWECE_k": 0.035540850419219276,
  "tCWECE": 0.058883159365561585,
  "SKCE": 7.782801249404266e-06
}