{
  "nll": 1.9755908505587045,
  "ECE_ew": 0.0501529760658741,
  "ECE_em": 0.051016684621572495,
  "CWECE_a": 0.0020414195023477077,
  "ACE": 0.05690411666489029,
  "CWECE_s": 0.20036077499389648,
  "KDE_ECE": 0.04523870922077927,
  "KSerror": 0.04956923748291686,
  "ECE_s_r2": 0.06583998177660892,
  "ECE_s_r1": 0.05151679300486713,
  "MMCE": 0.03977202143092393,
  "DKDE_CE": 0.0179640070247717,
  "dECE": 0.05006985937390139,
  "CWECE_r2": 0.01771012841480233,
  "ECE_r2": 0.062253424883669355,
  "tCWECE_k": 0.028558361786245677,
  "tCWECE": 0.04071559035310596,
  "SKCE": 3.278298515596773e-05
}