{
  "nll": 2.3862945983530652,
  "ECE_ew": 0.026204511523246765,
  "ECE_em": 0.026132630184292793,
  "CWECE_a": 0.00026769988471642137,
  "ACE": 0.035118081337388606,
  "CWECE_s": 0.26312708854675293,
  "KDE_ECE": 0.02209145737626764,
  "KSerror": 0.026096034050240413,
  "ECE_s_r2": 0.02964768110094566,
  "ECE_s_r1": 0.02609602387988443,
  "MMCE": 0.020341251080825594,
  "DKDE_CE": 0.025052365401698907,
  "dECE": 0.02605939298600867,
  "CWECE_r2": 0.007594290441327652,
  "ECE_r2": 0.029207572733615735,
  "tCWECE_k": 0.0405732166015626,
  "tCWECE": 0.06999354908266175,
  "SKCE": 5.867388805006612e-06
}