{
  "nll": 2.7805839526644403,
  "ECE_ew": 0.04709850251674652,
  "ECE_em": 0.0446801483631134,
  "CWECE_a": 0.0011712288251146674,
  "ACE": 0.08098038367456283,
  "CWECE_s": 0.22850528359413147,
  "KDE_ECE": 0.03748889576309535,
  "KSerror": 0.04471800686988281,
  "ECE_s_r2": 0.05197897898024338,
  "ECE_s_r1": 0.04471800686988705,
  "MMCE": 0.037584811009645634,
  "DKDE_CE": 0.01774027142057178,
  "dECE": 0.044319839374773906,
  "CWECE_r2": 0.014582696058844664,
  "ECE_r2": 0.059276597716268524,
  "tCWECE_k": 0.05980914835582099,
  "tCWECE": 0.08107422219742791,
  "SKCE": 3.2354580007098186e-05
}