{
  "nll": 1.763619607104943,
  "ECE_ew": 0.027466559782624245,
  "ECE_em": 0.026563595980405807,
  "CWECE_a": 0.0007707268232479692,
  "ACE": 0.0871806750416243,
  "CWECE_s": 0.1492432951927185,
  "KDE_ECE": 0.019478205537496622,
  "KSerror": 0.02661743869539024,
  "ECE_s_r2": 0.028182638813933795,
  "ECE_s_r1": 0.026617438695394326,
  "MMCE": 0.022266882443331262,
  "DKDE_CE": 0.01195267776702467,
  "dECE": 0.025749915416916954,
  "CWECE_r2": 0.011988193880978397,
  "ECE_r2": 0.034032835126086666,
  "tCWECE_k": 0.05391694445742485,
  "tCWECE": 0.07507959515281726,
  "SKCE": 1.6092096470969584e-05
}