{
  "nll": 0.26955155248402596,
  "ECE_ew": 0.01190569344907999,
  "ECE_em": 0.008813701570034027,
  "CWECE_a": 0.003848392516374588,
  "ACE": 0.06536411878315232,
  "CWECE_s": 0.03766648471355438,
  "KDE_ECE": 0.012716714112429087,
  "KSerror": 0.007695842969513644,
  "ECE_s_r2": 0.011294465108979359,
  "ECE_s_r1": 0.00769584296951451,
  "MMCE": 0.006933982267601582,
  "DKDE_CE": 0.0005191443526504122,
  "dECE": 0.00804178009954978,
  "CWECE_r2": 0.018991087284915407,
  "ECE_r2": 0.020648014750950027,
  "tCWECE_k": 0.02061259551119082,
  "tCWECE": 0.026249315262975782,
  "SKCE": 3.969574273259723e-05
}