{
  "nll": 2.809672611735646,
  "ECE_ew": 0.04635487496852875,
  "ECE_em": 0.046353068202733994,
  "CWECE_a": 0.0002997940464410931,
  "ACE": 0.05193882792187257,
  "CWECE_s": 0.29445958137512207,
  "KDE_ECE": 0.04064184723659078,
  "KSerror": 0.04635489248831548,
  "ECE_s_r2": 0.05228436201614277,
  "ECE_s_r1": 0.04635488767726731,
  "MMCE": 0.03672432437542415,
  "DKDE_CE": 0.026366966096897867,
  "dECE": 0.04635222334929843,
  "CWECE_r2": 0.008077033995235305,
  "ECE_r2": 0.05127742391502059,
  "tCWECE_k": 0.0381901815835304,
  "tCWECE": 0.06177137288885868,
  "SKCE": 8.156673838383749e-06
}