{
  "nll": 2.0132380622633796,
  "ECE_ew": 0.02850465476512909,
  "ECE_em": 0.028432363644242287,
  "CWECE_a": 0.000882108579389751,
  "ACE": 0.07524586569752777,
  "CWECE_s": 0.1697136014699936,
  "KDE_ECE": 0.021688869018235593,
  "KSerror": 0.028467166571721103,
  "ECE_s_r2": 0.035956891529777345,
  "ECE_s_r1": 0.028467166571714293,
  "MMCE": 0.023049696458664535,
  "DKDE_CE": 0.012587632747274898,
  "dECE": 0.02820507692390162,
  "CWECE_r2": 0.013412304903820815,
  "ECE_r2": 0.04195362104488716,
  "tCWECE_k": 0.057737976413183754,
  "tCWECE": 0.08146234306820935,
  "SKCE": 1.650489893157855e-05
}