{
  "nll": 2.3456245634823554,
  "ECE_ew": 0.032926831394433975,
  "ECE_em": 0.03292466700077057,
  "CWECE_a": 0.0002467485028319061,
  "ACE": 0.053311202579299444,
  "CWECE_s": 0.23944894969463348,
  "KDE_ECE": 0.02915370867307637,
  "KSerror": 0.03292697145187751,
  "ECE_s_r2": 0.03772510759914985,
  "ECE_s_r1": 0.0329268322767186,
  "MMCE": 0.026018409099742977,
  "DKDE_CE": 0.02186745746417841,
  "dECE": 0.03292703481698848,
  "CWECE_r2": 0.00708229090109384,
  "ECE_r2": 0.03749444864373957,
  "tCWECE_k": 0.04074461226704531,
  "tCWECE": 0.0664578413524743,
  "SKCE": 5.039563740025279e-06
}