{
  "nll": 2.2882886366331947,
  "ECE_ew": 0.0619504451751709,
  "ECE_em": 0.06045909970998764,
  "CWECE_a": 0.0021943815518170595,
  "ACE": 0.07338816914491726,
  "CWECE_s": 0.21603186428546906,
  "KDE_ECE": 0.05562735328571256,
  "KSerror": 0.0604689418928126,
  "ECE_s_r2": 0.07571296768279795,
  "ECE_s_r1": 0.06046646604738213,
  "MMCE": 0.04881522346947884,
  "DKDE_CE": 0.011160030415608247,
  "dECE": 0.059554705165878234,
  "CWECE_r2": 0.018064075911196794,
  "ECE_r2": 0.07322567384098663,
  "tCWECE_k": 0.03305482601586046,
  "tCWECE": 0.046117062212314694,
  "SKCE": 4.9969455835021634e-05
}