{
  "nll": 0.13043099138626077,
  "ECE_ew": 0.0023687449283897877,
  "ECE_em": 0.002985024359077215,
  "CWECE_a": 0.0015745998825877905,
  "ACE": 0.03188146925259058,
  "CWECE_s": 0.015472114086151123,
  "KDE_ECE": 0.007148983970033823,
  "KSerror": 0.0025235323042330227,
  "ECE_s_r2": 0.004784295522489159,
  "ECE_s_r1": 0.0028565613735775475,
  "MMCE": 0.0017825471823291479,
  "DKDE_CE": 0.0008949399781658367,
  "dECE": 0.0026516819337972027,
  "CWECE_r2": 0.011511641329049716,
  "ECE_r2": 0.007632332001044408,
  "tCWECE_k": 0.006918173656771716,
  "tCWECE": 0.009921675164843565,
  "SKCE": 6.68000170908436e-06
}