{
  "nll": 2.006130557061454,
  "ECE_ew": 0.05765348672866821,
  "ECE_em": 0.056505121290683746,
  "CWECE_a": 0.0020703014452010393,
  "ACE": 0.06615357922396826,
  "CWECE_s": 0.20168465375900269,
  "KDE_ECE": 0.049918443920982686,
  "KSerror": 0.05641428958559691,
  "ECE_s_r2": 0.06938103326607009,
  "ECE_s_r1": 0.05641428958559668,
  "MMCE": 0.044672108515295655,
  "DKDE_CE": 0.011329371879662856,
  "dECE": 0.055607581393792134,
  "CWECE_r2": 0.01792603788844386,
  "ECE_r2": 0.06941217775032076,
  "tCWECE_k": 0.03348591211172339,
  "tCWECE": 0.047582962458502714,
  "SKCE": 4.5325590072454695e-05
}