{
  "nll": 0.3214596366594285,
  "ECE_ew": 0.014732887968420982,
  "ECE_em": 0.014022770337760448,
  "CWECE_a": 0.004301531706005335,
  "ACE": 0.07021989631252089,
  "CWECE_s": 0.04310434311628342,
  "KDE_ECE": 0.013476774724979131,
  "KSerror": 0.009262343104994297,
  "ECE_s_r2": 0.01141728195485757,
  "ECE_s_r1": 0.00926234310498284,
  "MMCE": 0.009637114488289371,
  "DKDE_CE": 0.0007542124746028891,
  "dECE": 0.013805087006521768,
  "CWECE_r2": 0.01974399513953897,
  "ECE_r2": 0.024748956567098912,
  "tCWECE_k": 0.020385570314961996,
  "tCWECE": 0.028879441723365477,
  "SKCE": 3.356662347450584e-05
}