{
  "nll": 2.8121101812096962,
  "ECE_ew": 0.037012405693531036,
  "ECE_em": 0.03584909811615944,
  "CWECE_a": 0.0013706936733797193,
  "ACE": 0.07001791328817468,
  "CWECE_s": 0.26334309577941895,
  "KDE_ECE": 0.027516819242940672,
  "KSerror": 0.035874927625831776,
  "ECE_s_r2": 0.040025738289264194,
  "ECE_s_r1": 0.035874927625840436,
  "MMCE": 0.028276562078339427,
  "DKDE_CE": 0.017569239647364846,
  "dECE": 0.03537268256544898,
  "CWECE_r2": 0.017345288294560314,
  "ECE_r2": 0.045177813883325896,
  "tCWECE_k": 0.05322848274406248,
  "tCWECE": 0.0821513384281489,
  "SKCE": 4.860608503462281e-05
}