{
  "nll": 0.3051752746105194,
  "ECE_ew": 0.02167711779475212,
  "ECE_em": 0.019996607676148415,
  "CWECE_a": 0.0008403643732890487,
  "ACE": 0.07664804358437419,
  "CWECE_s": 0.1647489368915558,
  "dECE": 0.018977385628843338,
  "KDE_ECE": 0.014424760603356577,
  "CWECE_r2": 0.014077581253952694,
  "ECE_r2": 0.032331537800964774,
  "KSerror": 0.01669088969274546,
  "ECE_s_r2": 0.01950806586746765,
  "ECE_s_r1": 0.01668553878549735,
  "MMCE": 0.016417041164020537,
  "tCWECE_k": 0.055643072432646365,
  "tCWECE": 0.07357766401314747,
  "SKCE": 1.1565616518410386e-05,
  "DKDE_CE": 0.010479505603293672
}