{
  "ECE_ew": 0.01666421815752983,
  "ECE_r2": 0.031292607643598216,
  "ECE_s_r2": 0.010288876470193354,
  "ECE_s_r1": 0.00837145840647209,
  "ECE_em": 0.010456368327140808,
  "ACE": 0.06242478965221191,
  "dECE": 0.007706646124521894,
  "KSerror": 0.008385728959420469,
  "KDE_ECE": 0.013842548470869648,
  "MMCE": 0.00767025503443866,
  "CWECE_a": 0.0008672339026816189,
  "CWECE_s": 0.1692347675561905,
  "CWECE_r2": 0.013273080941620793,
  "tCWECE_k": 0.08085739197781046,
  "tCWECE": 0.09629920048809422,
  "SKCE": 3.653717333827872e-05,
  "DKDE_CE": 0.014306162588822878,
  "nll": 0.312401682138443
}