{
  "ECE_ew": 0.008070887066423893,
  "ECE_r2": 0.010320680801604575,
  "ECE_s_r2": 0.008545228026759017,
  "ECE_s_r1": 0.00669745200634002,
  "ECE_em": 0.006261651869863272,
  "ACE": 0.018769122232888284,
  "dECE": 0.0038106430506706247,
  "KSerror": 0.0039029420280456417,
  "KDE_ECE": 0.010644720311038464,
  "MMCE": 0.0043865663180328186,
  "CWECE_a": 0.00027574022533372045,
  "CWECE_s": 0.2703263759613037,
  "CWECE_r2": 0.008015693424751233,
  "tCWECE_k": 0.022259019529320665,
  "tCWECE": 0.0335360711685831,
  "SKCE": 6.040192960532083e-06,
  "DKDE_CE": 0.022186945300962643,
  "nll": 0.7174186110496521
}