{
  "ECE_ew": 0.007119045127183199,
  "ECE_r2": 0.020711023736697132,
  "ECE_s_r2": 0.015416334398816588,
  "ECE_s_r1": 0.008069841480255137,
  "ECE_em": 0.009450436569750309,
  "ACE": 0.08369593402172455,
  "dECE": 0.00889281710833311,
  "KSerror": 0.00801834115982053,
  "KDE_ECE": 0.012165941910860243,
  "MMCE": 0.00580348721607858,
  "CWECE_a": 0.0037696578074246645,
  "CWECE_s": 0.037639327347278595,
  "CWECE_r2": 0.015310332801738935,
  "tCWECE_k": 0.017626427989707143,
  "tCWECE": 0.024014725691824577,
  "SKCE": 1.4254378636910355e-05,
  "DKDE_CE": 0.0013281076828792465,
  "nll": 0.20796868205070496
}