{
  "ECE_ew": 0.013698538765311241,
  "ECE_r2": 0.017285019809921545,
  "ECE_s_r2": 0.013218822974700067,
  "ECE_s_r1": 0.012038579019308071,
  "ECE_em": 0.013100799173116684,
  "ACE": 0.022815061891764188,
  "dECE": 0.012103848565220832,
  "KSerror": 0.0055604118156432625,
  "KDE_ECE": 0.013972238245230908,
  "MMCE": 0.007209533835484788,
  "CWECE_a": 0.0002525179006624967,
  "CWECE_s": 0.24690817296504974,
  "CWECE_r2": 0.0076086448675487,
  "tCWECE_k": 0.021655580568076645,
  "tCWECE": 0.032661277362951734,
  "SKCE": 4.748429867206547e-06,
  "DKDE_CE": 0.021855196634853566,
  "nll": 0.6551125645637512
}