{
  "ECE_ew": 0.02799162268638611,
  "ECE_r2": 0.033581271484075505,
  "ECE_s_r2": 0.03448180571364039,
  "ECE_s_r1": 0.028455838769674297,
  "ECE_em": 0.027622172608971596,
  "ACE": 0.04104487091884957,
  "dECE": 0.025809198769927023,
  "KSerror": 0.014231204462051394,
  "KDE_ECE": 0.027612830370882413,
  "MMCE": 0.013349028522705314,
  "CWECE_a": 0.0021080204751342535,
  "CWECE_s": 0.20889729261398315,
  "CWECE_r2": 0.016192020038504076,
  "tCWECE_k": 0.02958370895708645,
  "tCWECE": 0.03754771334931848,
  "SKCE": 1.5144194939809464e-05,
  "DKDE_CE": 0.02368957172294267,
  "nll": 1.1041300296783447
}