{
  "ECE_ew": 0.012529434636235237,
  "ECE_r2": 0.021158422972166677,
  "ECE_s_r2": 0.013744838396605395,
  "ECE_s_r1": 0.010948864945131734,
  "ECE_em": 0.013152939267456532,
  "ACE": 0.058717434308792435,
  "dECE": 0.010862215422093868,
  "KSerror": 0.006088621076659778,
  "KDE_ECE": 0.013347549690315411,
  "MMCE": 0.006138844004536501,
  "CWECE_a": 0.0008536613313481212,
  "CWECE_s": 0.16684193909168243,
  "CWECE_r2": 0.014184172650090544,
  "tCWECE_k": 0.054384492542213295,
  "tCWECE": 0.07320036303883616,
  "SKCE": 1.011757020044889e-05,
  "DKDE_CE": 0.0104939138094648,
  "nll": 0.2863677144050598
}