{
  "ECE_ew": 0.007968982681632042,
  "ECE_r2": 0.013585509607994267,
  "ECE_s_r2": 0.011911691893566402,
  "ECE_s_r1": 0.0075477226257324006,
  "ECE_em": 0.007915733382105827,
  "ACE": 0.030932273835421298,
  "dECE": 0.007123784354329109,
  "KSerror": 0.007558135223388662,
  "KDE_ECE": 0.01081731908066613,
  "MMCE": 0.006080695552191172,
  "CWECE_a": 0.003939289133995771,
  "CWECE_s": 0.03911241888999939,
  "CWECE_r2": 0.01655871489834747,
  "tCWECE_k": 0.01908073080870562,
  "tCWECE": 0.02434735245843849,
  "SKCE": 2.9326416283398764e-05,
  "DKDE_CE": 0.0012808995071718532,
  "nll": 0.2246108204126358
}