{
  "ECE_ew": 0.010508484207093716,
  "ECE_r2": 0.015452002648290615,
  "ECE_s_r2": 0.013975006874524744,
  "ECE_s_r1": 0.010311699184775343,
  "ECE_em": 0.010705741122364998,
  "ACE": 0.01222053075592441,
  "dECE": 0.007065891900658608,
  "KSerror": 0.004643949055671698,
  "KDE_ECE": 0.009446990098192793,
  "MMCE": 0.00404990505531071,
  "CWECE_a": 0.001880550174973905,
  "CWECE_s": 0.18565687537193298,
  "CWECE_r2": 0.016157134415625485,
  "tCWECE_k": 0.02883272891688241,
  "tCWECE": 0.03605144781347834,
  "SKCE": 4.600333887643258e-05,
  "DKDE_CE": 0.018111713215964075,
  "nll": 0.9466431736946106
}