{
  "ECE_ew": 0.026294909417629242,
  "ECE_r2": 0.04449383720404224,
  "ECE_s_r2": 0.02470358863533049,
  "ECE_s_r1": 0.02060313044970389,
  "ECE_em": 0.024142321199178696,
  "ACE": 0.09687566251984985,
  "dECE": 0.02214306440817762,
  "KSerror": 0.010959292552699118,
  "KDE_ECE": 0.019068856467933246,
  "MMCE": 0.013172495909826656,
  "CWECE_a": 0.0012714347103610635,
  "CWECE_s": 0.25011712312698364,
  "CWECE_r2": 0.016493961806840114,
  "tCWECE_k": 0.061604220034643345,
  "tCWECE": 0.08051236825392055,
  "SKCE": 3.816887385603311e-05,
  "DKDE_CE": 0.019872933022638498,
  "nll": 0.5475442409515381
}