{
  "ECE_ew": 0.007593928370624781,
  "ECE_r2": 0.010066187806910902,
  "ECE_s_r2": 0.008996435601048403,
  "ECE_s_r1": 0.006718755204975616,
  "ECE_em": 0.00894582737237215,
  "ACE": 0.009536813033508921,
  "dECE": 0.004805959151685239,
  "KSerror": 0.003432023525238026,
  "KDE_ECE": 0.011282398258842172,
  "MMCE": 0.0028299009228943753,
  "CWECE_a": 0.0019589473959058523,
  "CWECE_s": 0.1860923320055008,
  "CWECE_r2": 0.01624290185440574,
  "tCWECE_k": 0.02681269175782616,
  "tCWECE": 0.03408000810000702,
  "SKCE": 3.7416133754396545e-05,
  "DKDE_CE": 0.02461780853064252,
  "nll": 1.0571626424789429
}