{
  "ECE_ew": 0.009922998026013374,
  "ECE_r2": 0.014406850313950486,
  "ECE_s_r2": 0.01424608414723046,
  "ECE_s_r1": 0.011019763782024372,
  "ECE_em": 0.010483995079994202,
  "ACE": 0.019571575499398926,
  "dECE": 0.008810636425018316,
  "KSerror": 0.002916120787262916,
  "KDE_ECE": 0.011441187102571453,
  "MMCE": 0.0027013036493978237,
  "CWECE_a": 0.0003116765001323074,
  "CWECE_s": 0.30672988295555115,
  "CWECE_r2": 0.008501635711095027,
  "tCWECE_k": 0.021943528038836563,
  "tCWECE": 0.03149470491178215,
  "SKCE": 9.624131515938688e-06,
  "DKDE_CE": 0.025633799697287726,
  "nll": 0.889318585395813
}