{
  "ECE_ew": 0.01800900138914585,
  "ECE_r2": 0.03517521788152349,
  "ECE_s_r2": 0.023158002460666266,
  "ECE_s_r1": 0.015954840146190488,
  "ECE_em": 0.017028704285621643,
  "ACE": 0.04830841552835069,
  "dECE": 0.012875009824832279,
  "KSerror": 0.015669807035531558,
  "KDE_ECE": 0.024766887021102524,
  "MMCE": 0.01254543462858514,
  "CWECE_a": 0.0013778747525066137,
  "CWECE_s": 0.2657078504562378,
  "CWECE_r2": 0.01826585783908039,
  "tCWECE_k": 0.07161664056276179,
  "tCWECE": 0.09295948498979995,
  "SKCE": 4.493282065265052e-05,
  "DKDE_CE": 0.018229824622980683,
  "nll": 0.5745264291763306
}