{
  "ECE_ew": 0.007863007485866547,
  "ECE_r2": 0.018050615342183305,
  "ECE_s_r2": 0.004042602597515471,
  "ECE_s_r1": 0.002970113062858576,
  "ECE_em": 0.006662892643362284,
  "ACE": 0.03778024588392187,
  "dECE": 0.00585500966385007,
  "KSerror": 0.0034603828489780455,
  "KDE_ECE": 0.011453171618108488,
  "MMCE": 0.002568279258493783,
  "CWECE_a": 0.004982274491339922,
  "CWECE_s": 0.047900136560201645,
  "CWECE_r2": 0.022740632091643762,
  "tCWECE_k": 0.02927416898040709,
  "tCWECE": 0.03303475548443392,
  "SKCE": 0.00011245441395085747,
  "DKDE_CE": 0.0011141017609889972,
  "nll": 0.1913524866104126
}