{
  "ECE_ew": 0.009547770023345947,
  "ECE_r2": 0.011452535977764267,
  "ECE_s_r2": 0.010008052358413549,
  "ECE_s_r1": 0.008511553834676755,
  "ECE_em": 0.007192520424723625,
  "ACE": 0.019600168276426928,
  "dECE": 0.004618271171450614,
  "KSerror": 0.002493410701751686,
  "KDE_ECE": 0.006961322240928798,
  "MMCE": 0.0025405222918968846,
  "CWECE_a": 0.0003180095518473536,
  "CWECE_s": 0.3093222677707672,
  "CWECE_r2": 0.00842483952863336,
  "tCWECE_k": 0.016111219721325308,
  "tCWECE": 0.02380253571011656,
  "SKCE": 7.457051086090287e-06,
  "DKDE_CE": 0.026745472958133388,
  "nll": 0.9245426058769226
}