{
  "ECE_ew": 0.0053497860208153725,
  "ECE_r2": 0.010149890176522793,
  "ECE_s_r2": 0.00542204845199823,
  "ECE_s_r1": 0.004161014624017825,
  "ECE_em": 0.00428673904389143,
  "ACE": 0.07065759912028834,
  "dECE": 0.0037192655764474378,
  "KSerror": 0.003971834305831812,
  "KDE_ECE": 0.008805934853871038,
  "MMCE": 0.003913454330688918,
  "CWECE_a": 0.0015144620556384325,
  "CWECE_s": 0.015119681134819984,
  "CWECE_r2": 0.01006479773229117,
  "tCWECE_k": 0.008812431284629458,
  "tCWECE": 0.011531003657702368,
  "SKCE": 2.778679626255416e-06,
  "DKDE_CE": 0.0011731313412208658,
  "nll": 0.07829778641462326
}