{
  "nll": 0.35827401280403137,
  "ECE_ew": 0.04750348627567291,
  "ECE_em": 0.04747393727302551,
  "CWECE_a": 0.009829040616750717,
  "ACE": 0.1820102014624057,
  "CWECE_s": 0.09845617413520813,
  "dECE": 0.047434509932994834,
  "KDE_ECE": 0.043360339437348655,
  "CWECE_r2": 0.027247710195732154,
  "ECE_r2": 0.06650979089394295,
  "KSerror": 0.04750823287963868,
  "ECE_s_r2": 0.09075184168362757,
  "ECE_s_r1": 0.04750353159904481,
  "MMCE": 0.042773807332876036,
  "tCWECE_k": 0.05020056204811883,
  "tCWECE": 0.05233421668206427,
  "SKCE": 0.00022186097229893483,
  "DKDE_CE": 0.0021647523574898943
}