{
  "nll": 0.30535635352134705,
  "ECE_ew": 0.021831847727298737,
  "ECE_em": 0.020333072170615196,
  "CWECE_a": 0.0008417898206971586,
  "ACE": 0.07718456563256175,
  "CWECE_s": 0.16502827405929565,
  "dECE": 0.01917641026278337,
  "KDE_ECE": 0.01451407803424262,
  "CWECE_r2": 0.014116658767087722,
  "ECE_r2": 0.03244499081090409,
  "KSerror": 0.016846947349719144,
  "ECE_s_r2": 0.019654304839355697,
  "ECE_s_r1": 0.016841492664754678,
  "MMCE": 0.016490416502753277,
  "tCWECE_k": 0.05602721830700697,
  "tCWECE": 0.07379074577603595,
  "SKCE": 1.1650595521169468e-05,
  "DKDE_CE": 0.010485987852145207
}