{
  "nll": 0.3820892572402954,
  "ECE_ew": 0.04505438730120659,
  "ECE_em": 0.04472881555557251,
  "CWECE_a": 0.009664311073720455,
  "ACE": 0.21312697428804353,
  "CWECE_s": 0.09529926627874374,
  "dECE": 0.04468678901791573,
  "KDE_ECE": 0.04060030516486615,
  "CWECE_r2": 0.02954376834556464,
  "ECE_r2": 0.06603668884661834,
  "KSerror": 0.04475774459838866,
  "ECE_s_r2": 0.08502143493050526,
  "ECE_s_r1": 0.04475659198760984,
  "MMCE": 0.0405777648472658,
  "tCWECE_k": 0.04817372174727934,
  "tCWECE": 0.051640660064399546,
  "SKCE": 0.0002654756369979939,
  "DKDE_CE": 0.0021089960574811203
}