{
  "nll": 0.08542273193597794,
  "ECE_ew": 0.008622001856565475,
  "ECE_em": 0.008433481678366661,
  "CWECE_a": 0.0019807040225714445,
  "ACE": 0.10376186162952623,
  "CWECE_s": 0.019403424113988876,
  "dECE": 0.008417556336528517,
  "KDE_ECE": 0.007380244556790708,
  "CWECE_r2": 0.012964065046599891,
  "ECE_r2": 0.02258844915999056,
  "KSerror": 0.008527995218289841,
  "ECE_s_r2": 0.013158510174828483,
  "ECE_s_r1": 0.008440149502660421,
  "MMCE": 0.007361613632872046,
  "tCWECE_k": 0.011382598614071216,
  "tCWECE": 0.013307152442986001,
  "SKCE": 6.001404698269493e-06,
  "DKDE_CE": 0.0007106196323187344
}