{
  "nll": 0.8236739039421082,
  "ECE_ew": 0.07301974296569824,
  "ECE_em": 0.07295629382133484,
  "CWECE_a": 0.0003559295437298715,
  "ACE": 0.07014480236478156,
  "CWECE_s": 0.3480699062347412,
  "dECE": 0.07295582957386976,
  "KDE_ECE": 0.07307379216471672,
  "CWECE_r2": 0.00835087918376453,
  "ECE_r2": 0.07542711373980121,
  "KSerror": 0.07295517290115361,
  "ECE_s_r2": 0.07569325032922296,
  "ECE_s_r1": 0.0729552980709076,
  "MMCE": 0.05852133628002696,
  "tCWECE_k": 0.017664523108963756,
  "tCWECE": 0.02457037776242417,
  "SKCE": 8.249649140172264e-06,
  "DKDE_CE": 0.060391372013262286
}