{
  "nll": 0.8024011850357056,
  "ECE_ew": 0.06102960556745529,
  "ECE_em": 0.06042991578578949,
  "CWECE_a": 0.0003205911780241877,
  "ACE": 0.0345255814098815,
  "CWECE_s": 0.3135625720024109,
  "dECE": 0.059980661975145344,
  "KDE_ECE": 0.06088678874716314,
  "CWECE_r2": 0.007780050599494979,
  "ECE_r2": 0.0683444967327621,
  "KSerror": 0.057703622665405296,
  "ECE_s_r2": 0.06838840561923319,
  "ECE_s_r1": 0.058432034606933594,
  "MMCE": 0.05371539630310848,
  "tCWECE_k": 0.023853779411686756,
  "tCWECE": 0.033955201377587695,
  "SKCE": 6.944103002923203e-06,
  "DKDE_CE": 0.0851221711280329
}