{
  "nll": 0.4300587773323059,
  "ECE_ew": 0.05500265955924988,
  "ECE_em": 0.05489649251103401,
  "CWECE_a": 0.0114030996337533,
  "ACE": 0.1960698300246533,
  "CWECE_s": 0.11430294811725616,
  "dECE": 0.054867702549695974,
  "KDE_ECE": 0.05013465865857278,
  "CWECE_r2": 0.032006288612194664,
  "ECE_r2": 0.0822663808694356,
  "KSerror": 0.05493420944213867,
  "ECE_s_r2": 0.10246873922157346,
  "ECE_s_r1": 0.05493088798522949,
  "MMCE": 0.0487031168792101,
  "tCWECE_k": 0.058782329249698353,
  "tCWECE": 0.06096572289024512,
  "SKCE": 0.00027452204912245835,
  "DKDE_CE": 0.0020834676870553808
}