{
  "nll": 2.7628618727807477,
  "ECE_ew": 0.0889224112033844,
  "ECE_em": 0.0889144316315651,
  "CWECE_a": 0.002655377145856619,
  "ACE": 0.10720665556674472,
  "CWECE_s": 0.26125478744506836,
  "KDE_ECE": 0.082992336105418,
  "KSerror": 0.08892240162499121,
  "ECE_s_r2": 0.10431604081387769,
  "ECE_s_r1": 0.08892240162497445,
  "MMCE": 0.0683138400983608,
  "DKDE_CE": 0.012867920248719796,
  "dECE": 0.08891927027321045,
  "CWECE_r2": 0.019341725950139593,
  "ECE_r2": 0.10182665654263365,
  "tCWECE_k": 0.043105912845983536,
  "tCWECE": 0.054204925198957365,
  "SKCE": 7.875726822388449e-05
}