{
  "nll": 0.44311370368558883,
  "ECE_ew": 0.018801376223564148,
  "ECE_em": 0.01829216070473194,
  "CWECE_a": 0.005615909583866596,
  "ACE": 0.0594770450683837,
  "CWECE_s": 0.05783402919769287,
  "KDE_ECE": 0.016463796364334274,
  "KSerror": 0.018315210079567268,
  "ECE_s_r2": 0.026926028788322186,
  "ECE_s_r1": 0.01831521007957664,
  "MMCE": 0.015862498226526144,
  "DKDE_CE": 0.0008771202902194069,
  "dECE": 0.018058412630921474,
  "CWECE_r2": 0.02204698394548694,
  "ECE_r2": 0.03137152762666706,
  "tCWECE_k": 0.02678713761355824,
  "tCWECE": 0.0338126594079578,
  "SKCE": 5.578752792877863e-05
}