{
  "nll": 0.3952597881838222,
  "ECE_ew": 0.01836240664124489,
  "ECE_em": 0.016571246087551117,
  "CWECE_a": 0.005521330051124096,
  "ACE": 0.06935936623371669,
  "CWECE_s": 0.05428704619407654,
  "KDE_ECE": 0.016861670350589483,
  "KSerror": 0.013897006108456122,
  "ECE_s_r2": 0.020855897098973963,
  "ECE_s_r1": 0.013897006108462031,
  "MMCE": 0.012970579226811382,
  "DKDE_CE": 0.0005885993168291854,
  "dECE": 0.016245060041232186,
  "CWECE_r2": 0.02189876870371821,
  "ECE_r2": 0.03049604415892285,
  "tCWECE_k": 0.026015006561817274,
  "tCWECE": 0.03222870181690203,
  "SKCE": 5.772959524891991e-05
}