{
  "nll": 0.19097618104568295,
  "ECE_ew": 0.0025977804325520992,
  "ECE_em": 0.0029607736505568027,
  "CWECE_a": 0.001737401238642633,
  "ACE": 0.06722329054875463,
  "CWECE_s": 0.016386909410357475,
  "KDE_ECE": 0.006615754628341287,
  "KSerror": 0.0018494040623029395,
  "ECE_s_r2": 0.003555765594934707,
  "ECE_s_r1": 0.002672750961217246,
  "MMCE": 0.0009029466111737842,
  "DKDE_CE": 0.0010203828350139024,
  "dECE": 0.002790347048364924,
  "CWECE_r2": 0.01249581357788251,
  "ECE_r2": 0.013345585543621983,
  "tCWECE_k": 0.007884893622212747,
  "tCWECE": 0.011356288392081273,
  "SKCE": 4.561784462990495e-06
}