{
  "nll": 3.3128535254966414,
  "ECE_ew": 0.06529875844717026,
  "ECE_em": 0.06527075916528702,
  "CWECE_a": 0.00032127456506714225,
  "ACE": 0.09631182633433394,
  "CWECE_s": 0.31485462188720703,
  "KDE_ECE": 0.05970297400394523,
  "KSerror": 0.06523268015161543,
  "ECE_s_r2": 0.07456382023278978,
  "ECE_s_r1": 0.06523268015164783,
  "MMCE": 0.05037191432303759,
  "DKDE_CE": 0.029692371105510512,
  "dECE": 0.06523221551441603,
  "CWECE_r2": 0.008219642600691444,
  "ECE_r2": 0.07312387485339016,
  "tCWECE_k": 0.040145307202595445,
  "tCWECE": 0.06294717099503715,
  "SKCE": 9.625663294568166e-06
}