{
  "nll": 3.0761947171478248,
  "ECE_ew": 0.04573977366089821,
  "ECE_em": 0.04570264369249344,
  "CWECE_a": 0.0013775950064882636,
  "ACE": 0.07578756915631289,
  "CWECE_s": 0.268501341342926,
  "KDE_ECE": 0.03713237747127864,
  "KSerror": 0.045482321966653805,
  "ECE_s_r2": 0.053095286625485745,
  "ECE_s_r1": 0.0454823219666615,
  "MMCE": 0.036138084746306275,
  "DKDE_CE": 0.01861246937748507,
  "dECE": 0.04538597085382552,
  "CWECE_r2": 0.016794909477069728,
  "ECE_r2": 0.05466969950034436,
  "tCWECE_k": 0.05349896513504578,
  "tCWECE": 0.08020116632620512,
  "SKCE": 5.228225245897714e-05
}