{
  "nll": 2.4441876646612464,
  "ECE_ew": 0.03883440047502518,
  "ECE_em": 0.037962406873703,
  "CWECE_a": 0.0009112796979025006,
  "ACE": 0.10483777559551753,
  "CWECE_s": 0.17803409695625305,
  "KDE_ECE": 0.03041067758484672,
  "KSerror": 0.037963695849858814,
  "ECE_s_r2": 0.04494341353626345,
  "ECE_s_r1": 0.037963695849855664,
  "MMCE": 0.030665191758383156,
  "DKDE_CE": 0.014110197742705053,
  "dECE": 0.03780951581754219,
  "CWECE_r2": 0.012658316425853735,
  "ECE_r2": 0.0558580492571403,
  "tCWECE_k": 0.05513428274728225,
  "tCWECE": 0.07703927816074124,
  "SKCE": 2.3154225521505376e-05
}