{
  "nll": 2.8078125070299493,
  "ECE_ew": 0.044232986867427826,
  "ECE_em": 0.04423041641712189,
  "CWECE_a": 0.00028376191039569676,
  "ACE": 0.06276471918227877,
  "CWECE_s": 0.2793325185775757,
  "KDE_ECE": 0.04010422099057329,
  "KSerror": 0.044233026557868316,
  "ECE_s_r2": 0.05198185682150372,
  "ECE_s_r1": 0.04423299512328735,
  "MMCE": 0.03425332865205864,
  "DKDE_CE": 0.027492672095209638,
  "dECE": 0.0442320813812176,
  "CWECE_r2": 0.007640271987598688,
  "ECE_r2": 0.05116513149362106,
  "tCWECE_k": 0.04183745736677861,
  "tCWECE": 0.06881028035477671,
  "SKCE": 7.563393695276786e-06
}