{
  "nll": 2.4585283791665744,
  "ECE_ew": 0.07548918575048447,
  "ECE_em": 0.0754801481962204,
  "CWECE_a": 0.0023507685400545597,
  "ACE": 0.09600857708780411,
  "CWECE_s": 0.22829154133796692,
  "KDE_ECE": 0.06847764331965521,
  "KSerror": 0.07548920235538148,
  "ECE_s_r2": 0.0922217933439819,
  "ECE_s_r1": 0.07548920235538359,
  "MMCE": 0.05786027987744816,
  "DKDE_CE": 0.012171651243982345,
  "dECE": 0.07548156561056858,
  "CWECE_r2": 0.018614347172073557,
  "ECE_r2": 0.09221906979007688,
  "tCWECE_k": 0.040902254628799796,
  "tCWECE": 0.05261930304221968,
  "SKCE": 6.239163044825956e-05
}