{
  "nll": 2.784423476300701,
  "ECE_ew": 0.04838383197784424,
  "ECE_em": 0.04838000610470772,
  "CWECE_a": 0.00026060439995490015,
  "ACE": 0.08303004607849596,
  "CWECE_s": 0.25505331158638,
  "KDE_ECE": 0.04479831676534004,
  "KSerror": 0.04838396497100761,
  "ECE_s_r2": 0.0589152420417007,
  "ECE_s_r1": 0.048383824808054435,
  "MMCE": 0.037540418165142996,
  "DKDE_CE": 0.024094762800455645,
  "dECE": 0.04838425073753496,
  "CWECE_r2": 0.007117734019177761,
  "ECE_r2": 0.05883718208472475,
  "tCWECE_k": 0.041951222483705364,
  "tCWECE": 0.06677151548673001,
  "SKCE": 6.166576917030275e-06
}