{
  "nll": 0.601887525361622,
  "ECE_ew": 0.02633388713002205,
  "ECE_em": 0.026156170293688774,
  "CWECE_a": 0.0066526480950415134,
  "ACE": 0.1308480629425749,
  "CWECE_s": 0.06501668691635132,
  "KDE_ECE": 0.02154683799034237,
  "KSerror": 0.026079677175169902,
  "ECE_s_r2": 0.04042544728401536,
  "ECE_s_r1": 0.026079677175180723,
  "MMCE": 0.02175210359801114,
  "DKDE_CE": 0.0009170809585240466,
  "dECE": 0.026037585548210916,
  "CWECE_r2": 0.021934653525600627,
  "ECE_r2": 0.040774475254482405,
  "tCWECE_k": 0.02836343790950389,
  "tCWECE": 0.03557790277812171,
  "SKCE": 5.710780469532105e-05
}