{
  "nll": 3.3513664580413463,
  "ECE_ew": 0.0694078654050827,
  "ECE_em": 0.06940589845180511,
  "CWECE_a": 0.0003284078266005963,
  "ACE": 0.079561966188094,
  "CWECE_s": 0.32368695735931396,
  "KDE_ECE": 0.06400480728550031,
  "KSerror": 0.0694078682991549,
  "ECE_s_r2": 0.07910950768030901,
  "ECE_s_r1": 0.06940786829915048,
  "MMCE": 0.05379726475479095,
  "DKDE_CE": 0.031082863268017468,
  "dECE": 0.06940812805053415,
  "CWECE_r2": 0.00834370078649515,
  "ECE_r2": 0.07696144534742912,
  "tCWECE_k": 0.0379134477821965,
  "tCWECE": 0.06020749040752906,
  "SKCE": 9.814639149494357e-06
}