{
  "nll": 3.197863131277691,
  "ECE_ew": 0.05651036649942398,
  "ECE_em": 0.05643504858016968,
  "CWECE_a": 0.0011850422015413642,
  "ACE": 0.10332490845254079,
  "CWECE_s": 0.2349998652935028,
  "KDE_ECE": 0.04804049019044223,
  "KSerror": 0.05612481764756849,
  "ECE_s_r2": 0.07066807093985934,
  "ECE_s_r1": 0.05612481764756443,
  "MMCE": 0.04608390276864693,
  "DKDE_CE": 0.018547245756956175,
  "dECE": 0.055866817066962095,
  "CWECE_r2": 0.01344811321016281,
  "ECE_r2": 0.07184524900343996,
  "tCWECE_k": 0.0578024609021257,
  "tCWECE": 0.07761876708798664,
  "SKCE": 3.9014420921866775e-05
}