{
  "nll": 2.2916167852924674,
  "ECE_ew": 0.035068489611148834,
  "ECE_em": 0.035063400864601135,
  "CWECE_a": 0.0008225625497289002,
  "ACE": 0.10261780094762968,
  "CWECE_s": 0.15731792151927948,
  "KDE_ECE": 0.028213069421163525,
  "KSerror": 0.03506846246061235,
  "ECE_s_r2": 0.03682608108664906,
  "ECE_s_r1": 0.03506846246061046,
  "MMCE": 0.02986971608252821,
  "DKDE_CE": 0.014173937009791965,
  "dECE": 0.03486025079776299,
  "CWECE_r2": 0.010997443990505824,
  "ECE_r2": 0.045292417769073855,
  "tCWECE_k": 0.05329886764835665,
  "tCWECE": 0.07215656769825585,
  "SKCE": 2.428207365874835e-05
}