{
  "nll": 2.480524323454719,
  "ECE_ew": 0.0820576548576355,
  "ECE_em": 0.08204888552427292,
  "CWECE_a": 0.00256233848631382,
  "ACE": 0.1042521855425655,
  "CWECE_s": 0.25393569469451904,
  "KDE_ECE": 0.07655498367602276,
  "KSerror": 0.08205764339041688,
  "ECE_s_r2": 0.09812844483225748,
  "ECE_s_r1": 0.0820576433904218,
  "MMCE": 0.06253717045080921,
  "DKDE_CE": 0.019534745535373443,
  "dECE": 0.08203642948784144,
  "CWECE_r2": 0.01927953181461105,
  "ECE_r2": 0.09631412651546202,
  "tCWECE_k": 0.0414673758786027,
  "tCWECE": 0.05263568864112344,
  "SKCE": 5.5581972792079e-05
}